competition,match_id,date,season,team,opponent,win,chase,close_game,run_diff,runs,legal_balls_faced,runs_allowed,legal_balls_bowled,wickets_lost,wickets_taken,dot_balls_bat,dot_balls_bowl,boundaries,pp_runs,pp_legal_balls,death_runs,death_legal_balls,fielding_dismissals,run_rate,runs_per_ball,dot_ball_rate_bat,dot_ball_rate_bowl,bowler_wkts_per_match,powerplay_economy,death_economy,runs_allowed_per_legal_ball,boundary_rate_per_ball,death_run_rate,powerplay_run_rate,fielding_dismissals_per_match,n_matches,EDGE
BPL,1063047,2016-11-30,2016/17,Rajshahi Kings,Comilla Victorians,0,0,0,-1,124,120,125,112,7,2,51,46,12,45,36,46,30,7,6.200000000000001,1.0333333333333334,0.425,0.4107142857142857,2,7.5,9.200000000000001,1.1160714285714286,0.1,9.200000000000001,7.5,7,15,64.375
BPL,1063047,2016-11-30,2016/17,Comilla Victorians,Rajshahi Kings,1,1,0,1,125,112,124,120,2,7,46,51,13,36,36,19,22,7,6.696428571428571,1.1160714285714286,0.4107142857142857,0.425,7,6.0,5.181818181818182,1.0333333333333334,0.11607142857142858,5.181818181818182,6.0,7,11,26.875
BPL,1063048,2016-11-10,2016/17,Khulna Titans,Rangpur Riders,0,0,0,-1,44,64,45,48,10,1,42,28,6,30,36,0,0,2,4.125,0.6875,0.65625,0.5833333333333334,1,5.0,,0.9375,0.09375,,5.0,2,13,71.875
BPL,1063048,2016-11-10,2016/17,Rangpur Riders,Khulna Titans,1,1,0,1,45,48,44,64,1,10,28,42,6,33,36,0,0,2,5.625,0.9375,0.5833333333333334,0.65625,10,5.5,,0.6875,0.125,,5.5,2,12,24.375
BPL,1063049,2016-11-14,2016/17,Chittagong Vikings,Barisal Bulls,0,0,0,-4,163,120,167,118,3,3,41,42,20,46,36,41,30,2,8.15,1.3583333333333334,0.3416666666666667,0.3559322033898305,3,7.666666666666666,8.2,1.4152542372881356,0.16666666666666666,8.2,7.666666666666666,2,13,45.625
BPL,1063049,2016-11-14,2016/17,Barisal Bulls,Chittagong Vikings,1,1,0,4,167,118,163,120,3,3,42,41,21,26,36,47,28,2,8.491525423728813,1.4152542372881356,0.3559322033898305,0.3416666666666667,3,4.333333333333333,10.071428571428571,1.3583333333333334,0.17796610169491525,10.071428571428571,4.333333333333333,2,12,13.125
BPL,1063050,2016-11-14,2016/17,Dhaka Dynamites,Comilla Victorians,1,0,0,33,194,120,161,120,5,9,34,51,21,60,36,56,30,10,9.7,1.6166666666666667,0.2833333333333333,0.425,9,10.0,11.2,1.3416666666666666,0.175,11.2,10.0,10,14,96.875
BPL,1063050,2016-11-14,2016/17,Comilla Victorians,Dhaka Dynamites,0,1,0,-33,161,120,194,120,9,5,51,34,21,47,36,57,30,10,8.049999999999999,1.3416666666666666,0.425,0.2833333333333333,5,7.833333333333334,11.399999999999999,1.6166666666666667,0.175,11.399999999999999,7.833333333333334,10,11,26.875
BPL,1063051,2016-11-28,2016/17,Rajshahi Kings,Rangpur Riders,1,0,0,49,128,120,79,106,7,10,51,54,12,29,36,54,30,10,6.4,1.0666666666666667,0.425,0.5094339622641509,10,4.833333333333334,10.8,0.7452830188679245,0.1,10.8,4.833333333333334,10,15,64.375
BPL,1063051,2016-11-28,2016/17,Rangpur Riders,Rajshahi Kings,0,1,0,-49,79,106,128,120,10,7,54,51,6,29,36,14,16,10,4.471698113207546,0.7452830188679245,0.5094339622641509,0.425,7,4.833333333333334,5.25,1.0666666666666667,0.05660377358490566,5.25,4.833333333333334,10,12,24.375
BPL,1063052,2016-11-20,2016/17,Khulna Titans,Barisal Bulls,1,0,0,22,151,120,129,117,7,10,43,44,17,26,36,39,30,14,7.55,1.2583333333333333,0.35833333333333334,0.37606837606837606,10,4.333333333333333,7.800000000000001,1.1025641025641026,0.14166666666666666,7.800000000000001,4.333333333333333,14,13,71.875
BPL,1063052,2016-11-20,2016/17,Barisal Bulls,Khulna Titans,0,1,0,-22,129,117,151,120,10,7,44,43,13,31,36,37,27,14,6.615384615384616,1.1025641025641026,0.37606837606837606,0.35833333333333334,7,5.166666666666667,8.222222222222223,1.2583333333333333,0.1111111111111111,8.222222222222223,5.166666666666667,14,12,13.125
BPL,1063053,2016-11-08,2016/17,Barisal Bulls,Dhaka Dynamites,0,0,0,-1,148,120,149,96,6,2,49,33,19,32,36,30,30,5,7.4,1.2333333333333334,0.4083333333333333,0.34375,2,5.333333333333333,6.0,1.5520833333333333,0.15833333333333333,6.0,5.333333333333333,5,12,13.125
BPL,1063053,2016-11-08,2016/17,Dhaka Dynamites,Barisal Bulls,1,1,0,1,149,96,148,120,2,6,33,49,19,73,36,12,6,5,9.3125,1.5520833333333333,0.34375,0.4083333333333333,6,12.166666666666666,12.0,1.2333333333333334,0.19791666666666666,12.0,12.166666666666666,5,14,96.875
BPL,1063054,2016-11-08,2016/17,Chittagong Vikings,Comilla Victorians,1,0,0,29,161,120,132,120,3,8,34,58,18,36,36,45,30,7,8.049999999999999,1.3416666666666666,0.2833333333333333,0.48333333333333334,8,6.0,9.0,1.1,0.15,9.0,6.0,7,13,45.625
BPL,1063054,2016-11-08,2016/17,Comilla Victorians,Chittagong Vikings,0,1,0,-29,132,120,161,120,8,3,58,34,15,36,36,34,30,7,6.6000000000000005,1.1,0.48333333333333334,0.2833333333333333,3,6.0,6.8,1.3416666666666666,0.125,6.8,6.0,7,11,26.875
BPL,1063055,2016-11-09,2016/17,Khulna Titans,Rajshahi Kings,1,0,1,3,133,120,130,120,8,10,53,48,17,33,36,38,30,12,6.65,1.1083333333333334,0.44166666666666665,0.4,10,5.5,7.6,1.0833333333333333,0.14166666666666666,7.6,5.5,12,13,71.875
BPL,1063055,2016-11-09,2016/17,Rajshahi Kings,Khulna Titans,0,1,1,-3,130,120,133,120,10,8,48,53,12,37,36,34,30,12,6.5,1.0833333333333333,0.4,0.44166666666666665,8,6.166666666666666,6.8,1.1083333333333334,0.1,6.8,6.166666666666666,12,15,64.375
BPL,1063056,2016-11-09,2016/17,Chittagong Vikings,Rangpur Riders,0,0,0,-1,124,118,125,90,10,1,53,42,12,56,36,29,28,10,6.305084745762713,1.0508474576271187,0.4491525423728814,0.4666666666666667,1,9.333333333333334,6.214285714285715,1.3888888888888888,0.1016949152542373,6.214285714285715,9.333333333333334,10,13,45.625
BPL,1063056,2016-11-09,2016/17,Rangpur Riders,Chittagong Vikings,1,1,0,1,125,90,124,118,1,10,42,53,18,43,36,0,0,10,8.333333333333332,1.3888888888888888,0.4666666666666667,0.4491525423728814,10,7.166666666666666,,1.0508474576271187,0.2,,7.166666666666666,10,12,24.375
BPL,1063057,2016-11-11,2016/17,Comilla Victorians,Barisal Bulls,0,0,0,-1,129,120,130,111,8,4,47,43,12,40,36,43,30,9,6.449999999999999,1.075,0.39166666666666666,0.38738738738738737,4,6.666666666666667,8.6,1.1711711711711712,0.1,8.6,6.666666666666667,9,11,26.875
BPL,1063057,2016-11-11,2016/17,Barisal Bulls,Comilla Victorians,1,1,0,1,130,111,129,120,4,8,43,47,14,30,36,39,21,9,7.027027027027027,1.1711711711711712,0.38738738738738737,0.39166666666666666,8,5.0,11.142857142857142,1.075,0.12612612612612611,11.142857142857142,5.0,9,12,13.125
BPL,1063058,2016-11-11,2016/17,Dhaka Dynamites,Rajshahi Kings,0,0,0,-1,138,120,139,109,5,4,48,47,16,43,36,43,30,7,6.8999999999999995,1.15,0.4,0.43119266055045874,4,7.166666666666666,8.6,1.275229357798165,0.13333333333333333,8.6,7.166666666666666,7,14,96.875
BPL,1063058,2016-11-11,2016/17,Rajshahi Kings,Dhaka Dynamites,1,1,0,1,139,109,138,120,4,5,47,48,18,41,36,32,19,7,7.651376146788991,1.275229357798165,0.43119266055045874,0.4,5,6.833333333333333,10.105263157894736,1.15,0.1651376146788991,10.105263157894736,6.833333333333333,7,15,64.375
BPL,1063059,2016-11-12,2016/17,Khulna Titans,Chittagong Vikings,1,0,1,4,127,120,123,120,7,9,41,48,10,42,36,43,30,12,6.35,1.0583333333333333,0.3416666666666667,0.4,9,7.0,8.6,1.025,0.08333333333333333,8.6,7.0,12,13,71.875
BPL,1063059,2016-11-12,2016/17,Chittagong Vikings,Khulna Titans,0,1,1,-4,123,120,127,120,9,7,48,41,9,22,36,45,30,12,6.1499999999999995,1.025,0.4,0.3416666666666667,7,3.666666666666667,9.0,1.0583333333333333,0.075,9.0,3.666666666666667,12,13,45.625
BPL,1063060,2016-11-12,2016/17,Dhaka Dynamites,Rangpur Riders,1,0,0,78,170,120,92,116,6,9,48,56,25,54,36,64,30,10,8.5,1.4166666666666667,0.4,0.4827586206896552,9,9.0,12.8,0.7931034482758621,0.20833333333333334,12.8,9.0,10,14,96.875
BPL,1063060,2016-11-12,2016/17,Rangpur Riders,Dhaka Dynamites,0,1,0,-78,92,116,170,120,9,6,56,48,6,27,36,18,26,10,4.758620689655173,0.7931034482758621,0.4827586206896552,0.4,6,4.5,4.153846153846153,1.4166666666666667,0.05172413793103448,4.153846153846153,4.5,10,12,24.375
BPL,1063061,2016-11-13,2016/17,Barisal Bulls,Rajshahi Kings,1,0,1,4,192,120,188,120,4,6,37,41,21,28,36,72,30,8,9.600000000000001,1.6,0.30833333333333335,0.3416666666666667,6,4.666666666666667,14.399999999999999,1.5666666666666667,0.175,14.399999999999999,4.666666666666667,8,12,13.125
BPL,1063061,2016-11-13,2016/17,Rajshahi Kings,Barisal Bulls,0,1,1,-4,188,120,192,120,6,4,41,37,26,49,36,38,30,8,9.4,1.5666666666666667,0.3416666666666667,0.30833333333333335,4,8.166666666666668,7.6,1.6,0.21666666666666667,7.6,8.166666666666668,8,15,64.375
BPL,1063062,2016-11-13,2016/17,Khulna Titans,Comilla Victorians,1,0,0,13,144,120,131,120,9,9,47,57,15,59,36,29,30,13,7.199999999999999,1.2,0.39166666666666666,0.475,9,9.833333333333332,5.8,1.0916666666666666,0.125,5.8,9.833333333333332,13,13,71.875
BPL,1063062,2016-11-13,2016/17,Comilla Victorians,Khulna Titans,0,1,0,-13,131,120,144,120,9,9,57,47,14,40,36,34,30,13,6.549999999999999,1.0916666666666666,0.475,0.39166666666666666,9,6.666666666666667,6.8,1.2,0.11666666666666667,6.8,6.666666666666667,13,11,26.875
BPL,1063063,2016-11-17,2016/17,Dhaka Dynamites,Chittagong Vikings,1,0,0,19,148,120,129,120,9,8,43,39,19,58,36,25,30,12,7.4,1.2333333333333334,0.35833333333333334,0.325,8,9.666666666666668,5.0,1.075,0.15833333333333333,5.0,9.666666666666668,12,14,96.875
BPL,1063063,2016-11-17,2016/17,Chittagong Vikings,Dhaka Dynamites,0,1,0,-19,129,120,148,120,8,9,39,43,12,32,36,41,30,12,6.449999999999999,1.075,0.325,0.35833333333333334,9,5.333333333333333,8.2,1.2333333333333334,0.1,8.2,5.333333333333333,12,13,45.625
BPL,1063064,2016-11-17,2016/17,Rangpur Riders,Barisal Bulls,1,0,0,12,175,120,163,118,6,10,38,41,21,58,36,41,30,14,8.75,1.4583333333333333,0.31666666666666665,0.3474576271186441,10,9.666666666666668,8.2,1.38135593220339,0.175,8.2,9.666666666666668,14,12,24.375
BPL,1063064,2016-11-17,2016/17,Barisal Bulls,Rangpur Riders,0,1,0,-12,163,118,175,120,10,6,41,38,15,44,36,42,28,14,8.288135593220339,1.38135593220339,0.3474576271186441,0.31666666666666665,6,7.333333333333334,9.0,1.4583333333333333,0.1271186440677966,9.0,7.333333333333334,14,12,13.125
BPL,1063065,2016-11-18,2016/17,Chittagong Vikings,Rajshahi Kings,1,0,0,19,190,120,171,120,5,9,40,37,26,44,36,76,30,11,9.5,1.5833333333333333,0.3333333333333333,0.30833333333333335,9,7.333333333333334,15.2,1.425,0.21666666666666667,15.2,7.333333333333334,11,13,45.625
BPL,1063065,2016-11-18,2016/17,Rajshahi Kings,Chittagong Vikings,0,1,0,-19,171,120,190,120,9,5,37,40,21,49,36,41,30,11,8.55,1.425,0.30833333333333335,0.3333333333333333,5,8.166666666666668,8.2,1.5833333333333333,0.175,8.2,8.166666666666668,11,15,64.375
BPL,1063066,2016-11-18,2016/17,Comilla Victorians,Rangpur Riders,0,0,0,-4,122,120,126,102,5,1,49,35,11,21,36,45,30,5,6.1,1.0166666666666666,0.4083333333333333,0.3431372549019608,1,3.5,9.0,1.2352941176470589,0.09166666666666666,9.0,3.5,5,11,26.875
BPL,1063066,2016-11-18,2016/17,Rangpur Riders,Comilla Victorians,1,1,0,4,126,102,122,120,1,5,35,49,12,42,36,25,12,5,7.411764705882353,1.2352941176470589,0.3431372549019608,0.4083333333333333,5,7.0,12.5,1.0166666666666666,0.11764705882352941,12.5,7.0,5,12,24.375
BPL,1063067,2016-11-19,2016/17,Khulna Titans,Dhaka Dynamites,1,0,1,9,157,120,148,115,5,10,45,49,17,46,36,48,30,11,7.85,1.3083333333333333,0.375,0.4260869565217391,10,7.666666666666666,9.600000000000001,1.2869565217391303,0.14166666666666666,9.600000000000001,7.666666666666666,11,13,71.875
BPL,1063067,2016-11-19,2016/17,Dhaka Dynamites,Khulna Titans,0,1,1,-9,148,115,157,120,10,5,49,45,17,30,36,55,25,11,7.721739130434782,1.2869565217391303,0.4260869565217391,0.375,5,5.0,13.200000000000001,1.3083333333333333,0.14782608695652175,13.200000000000001,5.0,11,14,96.875
BPL,1063068,2016-11-19,2016/17,Comilla Victorians,Rajshahi Kings,1,0,0,32,152,120,120,114,5,10,37,45,15,40,36,41,30,12,7.6,1.2666666666666666,0.30833333333333335,0.39473684210526316,10,6.666666666666667,8.2,1.0526315789473684,0.125,8.2,6.666666666666667,12,11,26.875
BPL,1063068,2016-11-19,2016/17,Rajshahi Kings,Comilla Victorians,0,1,0,-32,120,114,152,120,10,5,45,37,10,30,36,27,24,12,6.315789473684211,1.0526315789473684,0.39473684210526316,0.30833333333333335,5,5.0,6.75,1.2666666666666666,0.08771929824561403,6.75,5.0,12,15,64.375
BPL,1063069,2016-11-21,2016/17,Dhaka Dynamites,Rajshahi Kings,0,0,1,-2,182,120,184,119,4,7,32,40,22,51,36,60,30,6,9.1,1.5166666666666666,0.26666666666666666,0.33613445378151263,7,8.5,12.0,1.546218487394958,0.18333333333333332,12.0,8.5,6,14,96.875
BPL,1063069,2016-11-21,2016/17,Rajshahi Kings,Dhaka Dynamites,1,1,1,2,184,119,182,120,7,4,40,32,27,45,36,44,29,6,9.277310924369749,1.546218487394958,0.33613445378151263,0.26666666666666666,4,7.5,9.103448275862068,1.5166666666666666,0.226890756302521,9.103448275862068,7.5,6,15,64.375
BPL,1063070,2016-11-21,2016/17,Comilla Victorians,Chittagong Vikings,0,0,0,-3,183,120,186,116,3,4,36,25,23,46,36,46,30,2,9.149999999999999,1.525,0.3,0.21551724137931033,4,7.666666666666666,9.200000000000001,1.603448275862069,0.19166666666666668,9.200000000000001,7.666666666666666,2,11,26.875
BPL,1063070,2016-11-21,2016/17,Chittagong Vikings,Comilla Victorians,1,1,0,3,186,116,183,120,4,3,25,36,23,55,36,55,26,2,9.620689655172413,1.603448275862069,0.21551724137931033,0.3,3,9.166666666666666,12.692307692307693,1.525,0.19827586206896552,12.692307692307693,9.166666666666666,2,13,45.625
BPL,1063071,2016-11-22,2016/17,Khulna Titans,Rangpur Riders,0,0,0,-4,125,120,129,114,7,3,52,47,13,33,36,39,30,6,6.25,1.0416666666666667,0.43333333333333335,0.41228070175438597,3,5.5,7.800000000000001,1.131578947368421,0.10833333333333334,7.800000000000001,5.5,6,13,71.875
BPL,1063071,2016-11-22,2016/17,Rangpur Riders,Khulna Titans,1,1,0,4,129,114,125,120,3,7,47,52,13,31,36,25,24,6,6.789473684210526,1.131578947368421,0.41228070175438597,0.43333333333333335,7,5.166666666666667,6.25,1.0416666666666667,0.11403508771929824,6.25,5.166666666666667,6,12,24.375
BPL,1063072,2016-11-22,2016/17,Chittagong Vikings,Barisal Bulls,1,0,0,78,185,120,107,112,5,10,35,65,24,43,36,66,30,10,9.25,1.5416666666666667,0.2916666666666667,0.5803571428571429,10,7.166666666666666,13.200000000000001,0.9553571428571429,0.2,13.200000000000001,7.166666666666666,10,13,45.625
BPL,1063072,2016-11-22,2016/17,Barisal Bulls,Chittagong Vikings,0,1,0,-78,107,112,185,120,10,5,65,35,14,31,36,21,22,10,5.732142857142858,0.9553571428571429,0.5803571428571429,0.2916666666666667,5,5.166666666666667,5.7272727272727275,1.5416666666666667,0.125,5.7272727272727275,5.166666666666667,10,12,13.125
BPL,1063073,2016-11-25,2016/17,Rajshahi Kings,Rangpur Riders,1,0,0,12,162,120,150,120,5,5,46,44,20,51,36,68,30,5,8.100000000000001,1.35,0.38333333333333336,0.36666666666666664,5,8.5,13.6,1.25,0.16666666666666666,13.6,8.5,5,15,64.375
BPL,1063073,2016-11-25,2016/17,Rangpur Riders,Rajshahi Kings,0,1,0,-12,150,120,162,120,5,5,44,46,16,25,36,50,30,5,7.5,1.25,0.36666666666666664,0.38333333333333336,5,4.166666666666666,10.0,1.35,0.13333333333333333,10.0,4.166666666666666,5,12,24.375
BPL,1063074,2016-11-25,2016/17,Barisal Bulls,Khulna Titans,0,0,0,-1,119,120,120,112,5,4,53,49,12,34,36,38,30,5,5.95,0.9916666666666667,0.44166666666666665,0.4375,4,5.666666666666666,7.6,1.0714285714285714,0.1,7.6,5.666666666666666,5,12,13.125
BPL,1063074,2016-11-25,2016/17,Khulna Titans,Barisal Bulls,1,1,0,1,120,112,119,120,4,5,49,53,14,28,36,24,22,5,6.428571428571429,1.0714285714285714,0.4375,0.44166666666666665,5,4.666666666666667,6.545454545454545,0.9916666666666667,0.125,6.545454545454545,4.666666666666667,5,13,71.875
BPL,1063075,2016-11-26,2016/17,Dhaka Dynamites,Comilla Victorians,1,0,0,32,170,120,138,120,4,8,39,41,22,48,36,61,30,9,8.5,1.4166666666666667,0.325,0.3416666666666667,8,8.0,12.2,1.15,0.18333333333333332,12.2,8.0,9,14,96.875
BPL,1063075,2016-11-26,2016/17,Comilla Victorians,Dhaka Dynamites,0,1,0,-32,138,120,170,120,8,4,41,39,12,40,36,34,30,9,6.8999999999999995,1.15,0.3416666666666667,0.325,4,6.666666666666667,6.8,1.4166666666666667,0.1,6.8,6.666666666666667,9,11,26.875
BPL,1063076,2016-11-26,2016/17,Rajshahi Kings,Khulna Titans,1,0,1,9,154,120,145,120,8,6,48,41,19,40,36,66,30,9,7.700000000000001,1.2833333333333334,0.4,0.3416666666666667,6,6.666666666666667,13.200000000000001,1.2083333333333333,0.15833333333333333,13.200000000000001,6.666666666666667,9,15,64.375
BPL,1063076,2016-11-26,2016/17,Khulna Titans,Rajshahi Kings,0,1,1,-9,145,120,154,120,6,8,41,48,15,38,36,36,30,9,7.25,1.2083333333333333,0.3416666666666667,0.4,8,6.333333333333334,7.199999999999999,1.2833333333333334,0.125,7.199999999999999,6.333333333333334,9,13,71.875
BPL,1063077,2016-11-27,2016/17,Barisal Bulls,Dhaka Dynamites,0,0,0,-3,132,120,135,116,6,6,44,35,10,30,36,45,30,8,6.6000000000000005,1.1,0.36666666666666664,0.3017241379310345,6,5.0,9.0,1.1637931034482758,0.08333333333333333,9.0,5.0,8,12,13.125
BPL,1063077,2016-11-27,2016/17,Dhaka Dynamites,Barisal Bulls,1,1,0,3,135,116,132,120,6,6,35,44,13,34,36,42,26,8,6.982758620689655,1.1637931034482758,0.3017241379310345,0.36666666666666664,6,5.666666666666666,9.692307692307693,1.1,0.11206896551724138,9.692307692307693,5.666666666666666,8,14,96.875
BPL,1063078,2016-11-27,2016/17,Rangpur Riders,Chittagong Vikings,0,0,0,-4,124,120,128,96,7,1,47,41,8,37,36,35,30,5,6.200000000000001,1.0333333333333334,0.39166666666666666,0.4270833333333333,1,6.166666666666666,7.0,1.3333333333333333,0.06666666666666667,7.0,6.166666666666666,5,12,24.375
BPL,1063078,2016-11-27,2016/17,Chittagong Vikings,Rangpur Riders,1,1,0,4,128,96,124,120,1,7,41,47,17,30,36,11,6,5,8.0,1.3333333333333333,0.4270833333333333,0.39166666666666666,7,5.0,11.0,1.0333333333333334,0.17708333333333334,11.0,5.0,5,13,45.625
BPL,1063079,2016-11-29,2016/17,Barisal Bulls,Comilla Victorians,0,0,0,-3,142,120,145,114,8,2,55,34,17,42,36,50,30,6,7.1,1.1833333333333333,0.4583333333333333,0.2982456140350877,2,7.0,10.0,1.2719298245614035,0.14166666666666666,10.0,7.0,6,12,13.125
BPL,1063079,2016-11-29,2016/17,Comilla Victorians,Barisal Bulls,1,1,0,3,145,114,142,120,2,8,34,55,16,44,36,41,24,6,7.631578947368421,1.2719298245614035,0.2982456140350877,0.4583333333333333,8,7.333333333333334,10.25,1.1833333333333333,0.14035087719298245,10.25,7.333333333333334,6,11,26.875
BPL,1063080,2016-11-29,2016/17,Khulna Titans,Chittagong Vikings,0,0,0,-4,131,120,135,112,8,5,48,49,13,38,36,36,30,11,6.549999999999999,1.0916666666666666,0.4,0.4375,5,6.333333333333334,7.199999999999999,1.2053571428571428,0.10833333333333334,7.199999999999999,6.333333333333334,11,13,71.875
BPL,1063080,2016-11-29,2016/17,Chittagong Vikings,Khulna Titans,1,1,0,4,135,112,131,120,5,8,49,48,19,48,36,41,22,11,7.232142857142857,1.2053571428571428,0.4375,0.4,8,8.0,11.181818181818182,1.0916666666666666,0.16964285714285715,11.181818181818182,8.0,11,13,45.625
BPL,1063081,2016-11-30,2016/17,Dhaka Dynamites,Rangpur Riders,1,0,0,42,188,120,146,120,7,8,39,51,24,56,36,47,30,9,9.4,1.5666666666666667,0.325,0.425,8,9.333333333333334,9.4,1.2166666666666666,0.2,9.4,9.333333333333334,9,14,96.875
BPL,1063081,2016-11-30,2016/17,Rangpur Riders,Dhaka Dynamites,0,1,0,-42,146,120,188,120,8,7,51,39,18,33,36,50,30,9,7.299999999999999,1.2166666666666666,0.425,0.325,7,5.5,10.0,1.5666666666666667,0.15,10.0,5.5,9,12,24.375
BPL,1063082,2016-12-01,2016/17,Barisal Bulls,Rajshahi Kings,1,0,0,17,161,120,144,120,4,7,49,46,22,33,36,47,30,9,8.049999999999999,1.3416666666666666,0.4083333333333333,0.38333333333333336,7,5.5,9.4,1.2,0.18333333333333332,9.4,5.5,9,12,13.125
BPL,1063082,2016-12-01,2016/17,Rajshahi Kings,Barisal Bulls,0,1,0,-17,144,120,161,120,7,4,46,49,18,49,36,49,30,9,7.199999999999999,1.2,0.38333333333333336,0.4083333333333333,4,8.166666666666668,9.8,1.3416666666666666,0.15,9.8,8.166666666666668,9,15,64.375
BPL,1063083,2016-12-03,2016/17,Rangpur Riders,Barisal Bulls,1,0,0,29,154,120,125,110,5,10,37,47,15,41,36,45,30,10,7.700000000000001,1.2833333333333334,0.30833333333333335,0.42727272727272725,10,6.833333333333333,9.0,1.1363636363636365,0.125,9.0,6.833333333333333,10,12,24.375
BPL,1063083,2016-12-03,2016/17,Barisal Bulls,Rangpur Riders,0,1,0,-29,125,110,154,120,10,5,47,37,15,48,36,20,20,10,6.818181818181818,1.1363636363636365,0.42727272727272725,0.30833333333333335,5,8.0,6.0,1.2833333333333334,0.13636363636363635,6.0,8.0,10,12,13.125
BPL,1063084,2016-12-02,2016/17,Chittagong Vikings,Dhaka Dynamites,0,0,0,-1,134,120,135,110,6,4,47,43,13,25,36,35,30,9,6.7,1.1166666666666667,0.39166666666666666,0.39090909090909093,4,4.166666666666666,7.0,1.2272727272727273,0.10833333333333334,7.0,4.166666666666666,9,13,45.625
BPL,1063084,2016-12-02,2016/17,Dhaka Dynamites,Chittagong Vikings,1,1,0,1,135,110,134,120,4,6,43,47,16,37,36,37,20,9,7.363636363636363,1.2272727272727273,0.39090909090909093,0.39166666666666666,6,6.166666666666666,11.100000000000001,1.1166666666666667,0.14545454545454545,11.100000000000001,6.166666666666666,9,14,96.875
BPL,1063086,2016-12-03,2016/17,Chittagong Vikings,Rajshahi Kings,0,0,0,-1,111,120,112,83,9,4,65,29,15,29,36,31,30,5,5.550000000000001,0.925,0.5416666666666666,0.3493975903614458,4,4.833333333333334,6.200000000000001,1.3493975903614457,0.125,6.200000000000001,4.833333333333334,5,13,45.625
BPL,1063086,2016-12-03,2016/17,Rajshahi Kings,Chittagong Vikings,1,1,0,1,112,83,111,120,4,9,29,65,14,32,36,0,0,5,8.096385542168674,1.3493975903614457,0.3493975903614458,0.5416666666666666,9,5.333333333333333,,0.925,0.1686746987951807,,5.333333333333333,5,15,64.375
BPL,1063087,2016-12-04,2016/17,Comilla Victorians,Rangpur Riders,1,0,1,8,170,120,162,120,6,8,40,46,24,57,36,47,30,10,8.5,1.4166666666666667,0.3333333333333333,0.38333333333333336,8,9.5,9.4,1.35,0.2,9.4,9.5,10,11,26.875
BPL,1063087,2016-12-04,2016/17,Rangpur Riders,Comilla Victorians,0,1,1,-8,162,120,170,120,8,6,46,40,19,49,36,48,30,10,8.100000000000001,1.35,0.38333333333333336,0.3333333333333333,6,8.166666666666668,9.600000000000001,1.4166666666666667,0.15833333333333333,9.600000000000001,8.166666666666668,10,12,24.375
BPL,1063088,2016-12-04,2016/17,Dhaka Dynamites,Khulna Titans,0,0,0,-1,158,120,159,108,7,4,38,37,18,55,36,37,30,7,7.9,1.3166666666666667,0.31666666666666665,0.3425925925925926,4,9.166666666666666,7.4,1.4722222222222223,0.15,7.4,9.166666666666666,7,14,96.875
BPL,1063088,2016-12-04,2016/17,Khulna Titans,Dhaka Dynamites,1,1,0,1,159,108,158,120,4,7,37,38,19,46,36,38,18,7,8.833333333333334,1.4722222222222223,0.3425925925925926,0.31666666666666665,7,7.666666666666666,12.666666666666668,1.3166666666666667,0.17592592592592593,12.666666666666668,7.666666666666666,7,13,71.875
BPL,1063089,2016-12-06,2016/17,Chittagong Vikings,Rajshahi Kings,0,0,1,-1,142,120,143,111,8,7,52,39,17,39,36,30,30,12,7.1,1.1833333333333333,0.43333333333333335,0.35135135135135137,7,6.5,6.0,1.2882882882882882,0.14166666666666666,6.0,6.5,12,13,45.625
BPL,1063089,2016-12-06,2016/17,Rajshahi Kings,Chittagong Vikings,1,1,1,1,143,111,142,120,7,8,39,52,17,39,36,43,21,12,7.72972972972973,1.2882882882882882,0.35135135135135137,0.43333333333333335,8,6.5,12.285714285714285,1.1833333333333333,0.15315315315315314,12.285714285714285,6.5,12,15,64.375
BPL,1063090,2016-12-06,2016/17,Dhaka Dynamites,Khulna Titans,1,0,0,54,140,120,86,98,8,10,50,49,16,39,36,38,30,11,7.0,1.1666666666666667,0.4166666666666667,0.5,10,6.5,7.6,0.8775510204081632,0.13333333333333333,7.6,6.5,11,14,96.875
BPL,1063090,2016-12-06,2016/17,Khulna Titans,Dhaka Dynamites,0,1,0,-54,86,98,140,120,10,8,49,50,9,39,36,2,8,11,5.26530612244898,0.8775510204081632,0.5,0.4166666666666667,8,6.5,1.5,1.1666666666666667,0.09183673469387756,1.5,6.5,11,13,71.875
BPL,1063091,2016-12-07,2016/17,Khulna Titans,Rajshahi Kings,0,0,0,-4,125,120,129,116,9,3,57,46,13,45,36,30,30,10,6.25,1.0416666666666667,0.475,0.39655172413793105,3,7.5,6.0,1.1120689655172413,0.10833333333333334,6.0,7.5,10,13,71.875
BPL,1063091,2016-12-07,2016/17,Rajshahi Kings,Khulna Titans,1,1,0,4,129,116,125,120,3,9,46,57,11,39,36,34,26,10,6.672413793103448,1.1120689655172413,0.39655172413793105,0.475,9,6.5,7.846153846153847,1.0416666666666667,0.09482758620689655,7.846153846153847,6.5,10,15,64.375
BPL,1063092,2016-12-09,2016/17,Dhaka Dynamites,Rajshahi Kings,1,0,0,56,159,120,103,106,9,10,41,42,19,42,36,49,30,13,7.949999999999999,1.325,0.3416666666666667,0.39622641509433965,10,7.0,9.8,0.9716981132075472,0.15833333333333333,9.8,7.0,13,14,96.875
BPL,1063092,2016-12-09,2016/17,Rajshahi Kings,Dhaka Dynamites,0,1,0,-56,103,106,159,120,10,9,42,41,9,40,36,10,16,13,5.830188679245283,0.9716981132075472,0.39622641509433965,0.3416666666666667,9,6.666666666666667,3.75,1.325,0.08490566037735849,3.75,6.666666666666667,13,15,64.375
BPL,1121245,2017-11-04,2017/18,Dhaka Dynamites,Sylhet Sixers,0,0,0,-1,136,120,137,101,7,1,45,32,12,43,36,35,30,9,6.8,1.1333333333333333,0.375,0.31683168316831684,1,7.166666666666666,7.0,1.3564356435643565,0.1,7.0,7.166666666666666,9,13,99.375
BPL,1121245,2017-11-04,2017/18,Sylhet Sixers,Dhaka Dynamites,1,1,0,1,137,101,136,120,1,7,32,45,15,51,36,13,11,9,8.138613861386139,1.3564356435643565,0.31683168316831684,0.375,7,8.5,7.090909090909092,1.1333333333333333,0.1485148514851485,7.090909090909092,8.5,9,11,23.125
BPL,1121246,2017-11-04,2017/18,Rajshahi Kings,Rangpur Riders,0,0,0,-1,154,120,155,113,8,4,38,36,16,44,36,58,30,9,7.700000000000001,1.2833333333333334,0.31666666666666665,0.3185840707964602,4,7.333333333333334,11.6,1.3716814159292035,0.13333333333333333,11.6,7.333333333333334,9,12,15.625
BPL,1121246,2017-11-04,2017/18,Rangpur Riders,Rajshahi Kings,1,1,0,1,155,113,154,120,4,8,36,38,16,28,36,43,23,9,8.23008849557522,1.3716814159292035,0.3185840707964602,0.31666666666666665,8,4.666666666666667,11.217391304347826,1.2833333333333334,0.1415929203539823,11.217391304347826,4.666666666666667,9,15,59.375
BPL,1121247,2017-11-05,2017/18,Comilla Victorians,Sylhet Sixers,0,0,0,-3,145,120,148,119,6,6,41,49,14,40,36,44,30,9,7.25,1.2083333333333333,0.3416666666666667,0.4117647058823529,6,6.666666666666667,8.799999999999999,1.2436974789915967,0.11666666666666667,8.799999999999999,6.666666666666667,9,14,44.375
BPL,1121247,2017-11-05,2017/18,Sylhet Sixers,Comilla Victorians,1,1,0,3,148,119,145,120,6,6,49,41,18,59,36,44,29,9,7.46218487394958,1.2436974789915967,0.4117647058823529,0.3416666666666667,6,9.833333333333332,9.103448275862068,1.2083333333333333,0.15126050420168066,9.103448275862068,9.833333333333332,9,11,23.125
BPL,1121248,2017-11-05,2017/18,Dhaka Dynamites,Khulna Titans,1,0,0,65,202,120,137,109,7,10,39,42,25,59,36,40,30,11,10.1,1.6833333333333333,0.325,0.3853211009174312,10,9.833333333333332,8.0,1.2568807339449541,0.20833333333333334,8.0,9.833333333333332,11,13,99.375
BPL,1121248,2017-11-05,2017/18,Khulna Titans,Dhaka Dynamites,0,1,0,-65,137,109,202,120,10,7,42,39,16,60,36,16,19,11,7.541284403669724,1.2568807339449541,0.3853211009174312,0.325,7,10.0,5.052631578947368,1.6833333333333333,0.14678899082568808,5.052631578947368,10.0,11,12,63.125
BPL,1121249,2017-11-07,2017/18,Chittagong Vikings,Comilla Victorians,0,0,0,-1,143,120,144,104,7,2,37,35,15,63,36,29,30,5,7.15,1.1916666666666667,0.30833333333333335,0.33653846153846156,2,10.5,5.8,1.3846153846153846,0.125,5.8,10.5,5,11,19.375
BPL,1121249,2017-11-07,2017/18,Comilla Victorians,Chittagong Vikings,1,1,0,1,144,104,143,120,2,7,35,37,16,49,36,31,14,5,8.307692307692307,1.3846153846153846,0.33653846153846156,0.30833333333333335,7,8.166666666666668,13.285714285714286,1.1916666666666667,0.15384615384615385,13.285714285714286,8.166666666666668,5,14,44.375
BPL,1121250,2017-11-07,2017/18,Sylhet Sixers,Rajshahi Kings,1,0,0,33,205,120,172,120,6,8,32,43,25,63,36,70,30,15,10.25,1.7083333333333333,0.26666666666666666,0.35833333333333334,8,10.5,14.0,1.4333333333333333,0.20833333333333334,14.0,10.5,15,11,23.125
BPL,1121250,2017-11-07,2017/18,Rajshahi Kings,Sylhet Sixers,0,1,0,-33,172,120,205,120,8,6,43,32,18,51,36,37,30,15,8.6,1.4333333333333333,0.35833333333333334,0.26666666666666666,6,8.5,7.4,1.7083333333333333,0.15,7.4,8.5,15,12,15.625
BPL,1121251,2017-11-08,2017/18,Chittagong Vikings,Rangpur Riders,1,0,0,11,166,120,155,120,4,8,36,41,18,69,36,35,30,9,8.3,1.3833333333333333,0.3,0.3416666666666667,8,11.5,7.0,1.2916666666666667,0.15,7.0,11.5,9,11,19.375
BPL,1121251,2017-11-08,2017/18,Rangpur Riders,Chittagong Vikings,0,1,0,-11,155,120,166,120,8,4,41,36,18,56,36,36,30,9,7.75,1.2916666666666667,0.3416666666666667,0.3,4,9.333333333333334,7.199999999999999,1.3833333333333333,0.15,7.199999999999999,9.333333333333334,9,15,59.375
BPL,1121252,2017-11-08,2017/18,Sylhet Sixers,Khulna Titans,0,0,0,-3,135,120,138,108,5,4,44,32,15,38,36,39,30,7,6.75,1.125,0.36666666666666664,0.2962962962962963,4,6.333333333333334,7.800000000000001,1.2777777777777777,0.125,7.800000000000001,6.333333333333334,7,11,23.125
BPL,1121252,2017-11-08,2017/18,Khulna Titans,Sylhet Sixers,1,1,0,3,138,108,135,120,4,5,32,44,15,39,36,25,18,7,7.666666666666666,1.2777777777777777,0.2962962962962963,0.36666666666666664,5,6.5,8.333333333333332,1.125,0.1388888888888889,8.333333333333332,6.5,7,12,63.125
BPL,1121253,2017-11-11,2017/18,Rangpur Riders,Rajshahi Kings,0,0,0,-4,134,120,138,100,5,2,47,30,12,37,36,44,30,6,6.7,1.1166666666666667,0.39166666666666666,0.3,2,6.166666666666666,8.799999999999999,1.38,0.1,8.799999999999999,6.166666666666666,6,15,59.375
BPL,1121253,2017-11-11,2017/18,Rajshahi Kings,Rangpur Riders,1,1,0,4,138,100,134,120,2,5,30,47,15,48,36,18,10,6,8.28,1.38,0.3,0.39166666666666666,5,8.0,10.8,1.1166666666666667,0.15,10.8,8.0,6,12,15.625
BPL,1121254,2017-11-11,2017/18,Sylhet Sixers,Dhaka Dynamites,0,0,0,-5,101,120,106,47,9,2,62,19,11,33,36,40,30,9,5.05,0.8416666666666667,0.5166666666666667,0.40425531914893614,2,5.5,8.0,2.25531914893617,0.09166666666666666,8.0,5.5,9,11,23.125
BPL,1121254,2017-11-11,2017/18,Dhaka Dynamites,Sylhet Sixers,1,1,0,5,106,47,101,120,2,9,19,62,16,76,36,0,0,9,13.53191489361702,2.25531914893617,0.40425531914893614,0.5166666666666667,9,12.666666666666668,,0.8416666666666667,0.3404255319148936,,12.666666666666668,9,13,99.375
BPL,1121255,2017-11-12,2017/18,Khulna Titans,Chittagong Vikings,1,0,0,18,170,120,152,120,7,7,47,45,20,36,36,69,30,9,8.5,1.4166666666666667,0.39166666666666666,0.375,7,6.0,13.799999999999999,1.2666666666666666,0.16666666666666666,13.799999999999999,6.0,9,12,63.125
BPL,1121255,2017-11-12,2017/18,Chittagong Vikings,Khulna Titans,0,1,0,-18,152,120,170,120,7,7,45,47,15,47,36,47,30,9,7.6,1.2666666666666666,0.375,0.39166666666666666,7,7.833333333333334,9.4,1.4166666666666667,0.125,9.4,7.833333333333334,9,11,19.375
BPL,1121256,2017-11-12,2017/18,Rajshahi Kings,Comilla Victorians,0,0,0,-5,115,120,120,91,8,1,51,35,11,52,36,24,30,5,5.75,0.9583333333333334,0.425,0.38461538461538464,1,8.666666666666666,4.800000000000001,1.3186813186813187,0.09166666666666666,4.800000000000001,8.666666666666666,5,12,15.625
BPL,1121256,2017-11-12,2017/18,Comilla Victorians,Rajshahi Kings,1,1,0,5,120,91,115,120,1,8,35,51,15,44,36,6,1,5,7.912087912087912,1.3186813186813187,0.38461538461538464,0.425,8,7.333333333333334,36.0,0.9583333333333334,0.16483516483516483,36.0,7.333333333333334,5,14,44.375
BPL,1121257,2017-11-14,2017/18,Khulna Titans,Dhaka Dynamites,0,0,0,-1,156,120,157,119,5,6,44,47,20,29,36,63,30,10,7.800000000000001,1.3,0.36666666666666664,0.3949579831932773,6,4.833333333333334,12.600000000000001,1.319327731092437,0.16666666666666666,12.600000000000001,4.833333333333334,10,12,63.125
BPL,1121257,2017-11-14,2017/18,Dhaka Dynamites,Khulna Titans,1,1,0,1,157,119,156,120,6,5,47,44,20,25,36,42,29,10,7.915966386554622,1.319327731092437,0.3949579831932773,0.36666666666666664,5,4.166666666666666,8.689655172413794,1.3,0.16806722689075632,8.689655172413794,4.166666666666666,10,13,99.375
BPL,1121258,2017-11-14,2017/18,Chittagong Vikings,Comilla Victorians,0,0,0,-1,139,120,140,109,4,4,46,40,15,48,36,44,30,5,6.950000000000001,1.1583333333333334,0.38333333333333336,0.3669724770642202,4,8.0,8.799999999999999,1.2844036697247707,0.125,8.799999999999999,8.0,5,11,19.375
BPL,1121258,2017-11-14,2017/18,Comilla Victorians,Chittagong Vikings,1,1,0,1,140,109,139,120,4,4,40,46,15,33,36,28,19,5,7.706422018348624,1.2844036697247707,0.3669724770642202,0.38333333333333336,4,5.5,8.842105263157894,1.1583333333333334,0.13761467889908258,8.842105263157894,5.5,5,14,44.375
BPL,1121261,2017-11-17,2017/18,Sylhet Sixers,Rajshahi Kings,0,0,0,-4,146,120,150,105,6,3,57,37,20,29,36,69,30,7,7.299999999999999,1.2166666666666666,0.475,0.3523809523809524,3,4.833333333333334,13.799999999999999,1.4285714285714286,0.16666666666666666,13.799999999999999,4.833333333333334,7,11,23.125
BPL,1121261,2017-11-17,2017/18,Rajshahi Kings,Sylhet Sixers,1,1,0,4,150,105,146,120,3,6,37,57,19,46,36,27,15,7,8.571428571428571,1.4285714285714286,0.3523809523809524,0.475,6,7.666666666666666,10.8,1.2166666666666666,0.18095238095238095,10.8,7.666666666666666,7,12,15.625
BPL,1121262,2017-11-17,2017/18,Chittagong Vikings,Khulna Titans,0,0,0,-4,160,120,164,110,5,5,44,34,16,43,36,52,30,7,8.0,1.3333333333333333,0.36666666666666664,0.3090909090909091,5,7.166666666666666,10.4,1.490909090909091,0.13333333333333333,10.4,7.166666666666666,7,11,19.375
BPL,1121262,2017-11-17,2017/18,Khulna Titans,Chittagong Vikings,1,1,0,4,164,110,160,120,5,5,34,44,19,58,36,47,20,7,8.945454545454545,1.490909090909091,0.3090909090909091,0.36666666666666664,5,9.666666666666668,14.100000000000001,1.3333333333333333,0.17272727272727273,14.100000000000001,9.666666666666668,7,12,63.125
BPL,1121263,2017-11-18,2017/18,Dhaka Dynamites,Rajshahi Kings,1,0,0,68,201,120,133,110,7,10,34,51,28,75,36,71,30,10,10.05,1.675,0.2833333333333333,0.4636363636363636,10,12.5,14.2,1.209090909090909,0.23333333333333334,14.2,12.5,10,13,99.375
BPL,1121263,2017-11-18,2017/18,Rajshahi Kings,Dhaka Dynamites,0,1,0,-68,133,110,201,120,10,7,51,34,13,54,36,13,20,10,7.254545454545454,1.209090909090909,0.4636363636363636,0.2833333333333333,7,9.0,3.9000000000000004,1.675,0.11818181818181818,3.9000000000000004,9.0,10,12,15.625
BPL,1121264,2017-11-18,2017/18,Comilla Victorians,Rangpur Riders,1,0,0,14,153,120,139,120,6,7,41,47,18,43,36,46,30,7,7.6499999999999995,1.275,0.3416666666666667,0.39166666666666666,7,7.166666666666666,9.200000000000001,1.1583333333333334,0.15,9.200000000000001,7.166666666666666,7,14,44.375
BPL,1121264,2017-11-18,2017/18,Rangpur Riders,Comilla Victorians,0,1,0,-14,139,120,153,120,7,6,47,41,14,33,36,42,30,7,6.950000000000001,1.1583333333333334,0.39166666666666666,0.3416666666666667,6,5.5,8.399999999999999,1.275,0.11666666666666667,8.399999999999999,5.5,7,15,59.375
BPL,1121265,2017-11-20,2017/18,Dhaka Dynamites,Comilla Victorians,0,0,0,-1,128,111,129,118,10,6,54,47,17,49,36,11,21,9,6.918918918918919,1.1531531531531531,0.4864864864864865,0.3983050847457627,6,8.166666666666668,3.1428571428571432,1.0932203389830508,0.15315315315315314,3.1428571428571432,8.166666666666668,9,13,99.375
BPL,1121265,2017-11-20,2017/18,Comilla Victorians,Dhaka Dynamites,1,1,0,1,129,118,128,111,6,10,47,54,13,40,36,38,28,9,6.5593220338983045,1.0932203389830508,0.3983050847457627,0.4864864864864865,10,6.666666666666667,8.142857142857142,1.1531531531531531,0.11016949152542373,8.142857142857142,6.666666666666667,9,14,44.375
BPL,1121266,2017-11-20,2017/18,Rangpur Riders,Sylhet Sixers,1,0,1,7,169,120,162,120,7,4,48,31,22,50,36,49,30,9,8.450000000000001,1.4083333333333334,0.4,0.25833333333333336,4,8.333333333333332,9.8,1.35,0.18333333333333332,9.8,8.333333333333332,9,15,59.375
BPL,1121266,2017-11-20,2017/18,Sylhet Sixers,Rangpur Riders,0,1,1,-7,162,120,169,120,4,7,31,48,15,38,36,37,30,9,8.100000000000001,1.35,0.25833333333333336,0.4,7,6.333333333333334,7.4,1.4083333333333334,0.125,7.4,6.333333333333334,9,11,23.125
BPL,1121267,2017-11-21,2017/18,Rajshahi Kings,Khulna Titans,0,0,1,-2,166,120,168,116,8,8,37,42,20,56,36,32,30,8,8.3,1.3833333333333333,0.30833333333333335,0.3620689655172414,8,9.333333333333334,6.4,1.4482758620689655,0.16666666666666666,6.4,9.333333333333334,8,12,15.625
BPL,1121267,2017-11-21,2017/18,Khulna Titans,Rajshahi Kings,1,1,1,2,168,116,166,120,8,8,42,37,22,49,36,50,26,8,8.689655172413794,1.4482758620689655,0.3620689655172414,0.30833333333333335,8,8.166666666666668,11.538461538461538,1.3833333333333333,0.1896551724137931,11.538461538461538,8.166666666666668,8,12,63.125
BPL,1121268,2017-11-21,2017/18,Rangpur Riders,Dhaka Dynamites,1,0,1,3,142,119,139,120,10,10,45,56,16,58,36,21,29,12,7.159663865546218,1.1932773109243697,0.37815126050420167,0.4666666666666667,10,9.666666666666668,4.344827586206897,1.1583333333333334,0.13445378151260504,4.344827586206897,9.666666666666668,12,15,59.375
BPL,1121268,2017-11-21,2017/18,Dhaka Dynamites,Rangpur Riders,0,1,1,-3,139,120,142,119,10,10,56,45,14,54,36,27,30,12,6.950000000000001,1.1583333333333334,0.4666666666666667,0.37815126050420167,10,9.0,5.4,1.1932773109243697,0.11666666666666667,5.4,9.0,12,13,99.375
BPL,1121269,2017-11-24,2017/18,Khulna Titans,Rangpur Riders,1,0,1,9,158,120,149,120,8,6,40,33,21,47,36,42,30,9,7.9,1.3166666666666667,0.3333333333333333,0.275,6,7.833333333333334,8.399999999999999,1.2416666666666667,0.175,8.399999999999999,7.833333333333334,9,12,63.125
BPL,1121269,2017-11-24,2017/18,Rangpur Riders,Khulna Titans,0,1,1,-9,149,120,158,120,6,8,33,40,15,37,36,48,30,9,7.45,1.2416666666666667,0.275,0.3333333333333333,8,6.166666666666666,9.600000000000001,1.3166666666666667,0.125,9.600000000000001,6.166666666666666,9,15,59.375
BPL,1121270,2017-11-24,2017/18,Chittagong Vikings,Sylhet Sixers,1,0,0,40,211,120,171,120,5,8,31,39,30,49,36,64,30,12,10.55,1.7583333333333333,0.25833333333333336,0.325,8,8.166666666666668,12.8,1.425,0.25,12.8,8.166666666666668,12,11,19.375
BPL,1121270,2017-11-24,2017/18,Sylhet Sixers,Chittagong Vikings,0,1,0,-40,171,120,211,120,8,5,39,31,20,60,36,42,30,12,8.55,1.425,0.325,0.25833333333333336,5,10.0,8.399999999999999,1.7583333333333333,0.16666666666666666,8.399999999999999,10.0,12,11,23.125
BPL,1121271,2017-11-25,2017/18,Rajshahi Kings,Comilla Victorians,1,0,0,30,185,120,155,115,7,10,38,41,26,46,36,72,30,8,9.25,1.5416666666666667,0.31666666666666665,0.3565217391304348,10,7.666666666666666,14.399999999999999,1.3478260869565217,0.21666666666666667,14.399999999999999,7.666666666666666,8,12,15.625
BPL,1121271,2017-11-25,2017/18,Comilla Victorians,Rajshahi Kings,0,1,0,-30,155,115,185,120,10,7,41,38,19,36,36,29,25,8,8.08695652173913,1.3478260869565217,0.3565217391304348,0.31666666666666665,7,6.0,6.959999999999999,1.5416666666666667,0.16521739130434782,6.959999999999999,6.0,8,14,44.375
BPL,1121272,2017-11-25,2017/18,Chittagong Vikings,Rangpur Riders,0,0,1,-4,176,120,180,120,7,7,36,36,19,49,36,43,30,12,8.799999999999999,1.4666666666666666,0.3,0.3,7,8.166666666666668,8.6,1.5,0.15833333333333333,8.6,8.166666666666668,12,11,19.375
BPL,1121272,2017-11-25,2017/18,Rangpur Riders,Chittagong Vikings,1,1,1,4,180,120,176,120,7,7,36,36,20,37,36,52,30,12,9.0,1.5,0.3,0.3,7,6.166666666666666,10.4,1.4666666666666666,0.16666666666666666,10.4,6.166666666666666,12,15,59.375
BPL,1121273,2017-11-27,2017/18,Chittagong Vikings,Dhaka Dynamites,0,0,0,-4,187,120,191,113,5,3,41,38,23,53,36,53,30,8,9.35,1.5583333333333333,0.3416666666666667,0.336283185840708,3,8.833333333333334,10.6,1.6902654867256637,0.19166666666666668,10.6,8.833333333333334,8,11,19.375
BPL,1121273,2017-11-27,2017/18,Dhaka Dynamites,Chittagong Vikings,1,1,0,4,191,113,187,120,3,5,38,41,25,51,36,37,23,8,10.141592920353983,1.6902654867256637,0.336283185840708,0.3416666666666667,5,8.5,9.652173913043478,1.5583333333333333,0.22123893805309736,9.652173913043478,8.5,8,13,99.375
BPL,1121274,2017-11-27,2017/18,Khulna Titans,Rajshahi Kings,1,0,0,68,213,120,145,114,5,10,36,49,28,47,36,67,30,9,10.649999999999999,1.775,0.3,0.4298245614035088,10,7.833333333333334,13.4,1.2719298245614035,0.23333333333333334,13.4,7.833333333333334,9,12,63.125
BPL,1121274,2017-11-27,2017/18,Rajshahi Kings,Khulna Titans,0,1,0,-68,145,114,213,120,10,5,49,36,20,47,36,23,24,9,7.631578947368421,1.2719298245614035,0.4298245614035088,0.3,5,7.833333333333334,5.75,1.775,0.17543859649122806,5.75,7.833333333333334,9,12,15.625
BPL,1121275,2017-11-28,2017/18,Sylhet Sixers,Rangpur Riders,0,0,0,-4,173,120,177,119,5,6,30,37,19,48,36,51,30,9,8.65,1.4416666666666667,0.25,0.31092436974789917,6,8.0,10.2,1.4873949579831933,0.15833333333333333,10.2,8.0,9,11,23.125
BPL,1121275,2017-11-28,2017/18,Rangpur Riders,Sylhet Sixers,1,1,0,4,177,119,173,120,6,5,37,30,21,67,36,56,29,9,8.92436974789916,1.4873949579831933,0.31092436974789917,0.25,5,11.166666666666668,11.586206896551724,1.4416666666666667,0.17647058823529413,11.586206896551724,11.166666666666668,9,15,59.375
BPL,1121276,2017-11-28,2017/18,Khulna Titans,Comilla Victorians,0,0,0,-1,111,116,112,83,10,1,55,37,13,32,36,29,26,9,5.741379310344827,0.9568965517241379,0.47413793103448276,0.4457831325301205,1,5.333333333333333,6.6923076923076925,1.3493975903614457,0.11206896551724138,6.6923076923076925,5.333333333333333,9,12,63.125
BPL,1121276,2017-11-28,2017/18,Comilla Victorians,Khulna Titans,1,1,0,1,112,83,111,116,1,10,37,55,19,57,36,0,0,9,8.096385542168674,1.3493975903614457,0.4457831325301205,0.47413793103448276,10,9.5,,0.9568965517241379,0.2289156626506024,,9.5,9,14,44.375
BPL,1121277,2017-11-29,2017/18,Rajshahi Kings,Chittagong Vikings,1,0,0,33,157,120,124,116,6,10,40,46,20,49,36,43,30,14,7.85,1.3083333333333333,0.3333333333333333,0.39655172413793105,10,8.166666666666668,8.6,1.0689655172413792,0.16666666666666666,8.6,8.166666666666668,14,12,15.625
BPL,1121277,2017-11-29,2017/18,Chittagong Vikings,Rajshahi Kings,0,1,0,-33,124,116,157,120,10,6,46,40,9,53,36,19,26,14,6.413793103448276,1.0689655172413792,0.39655172413793105,0.3333333333333333,6,8.833333333333334,4.384615384615384,1.3083333333333333,0.07758620689655173,4.384615384615384,8.833333333333334,14,11,19.375
BPL,1121278,2017-11-29,2017/18,Comilla Victorians,Dhaka Dynamites,1,0,0,12,167,120,155,120,6,8,36,46,21,54,36,53,30,14,8.35,1.3916666666666666,0.3,0.38333333333333336,8,9.0,10.6,1.2916666666666667,0.175,10.6,9.0,14,14,44.375
BPL,1121278,2017-11-29,2017/18,Dhaka Dynamites,Comilla Victorians,0,1,0,-12,155,120,167,120,8,6,46,36,21,45,36,47,30,14,7.75,1.2916666666666667,0.38333333333333336,0.3,6,7.5,9.4,1.3916666666666666,0.175,9.4,7.5,14,13,99.375
BPL,1121279,2017-12-02,2017/18,Rangpur Riders,Comilla Victorians,0,0,0,-3,97,103,100,117,10,6,54,68,10,32,36,14,13,8,5.650485436893204,0.941747572815534,0.5242718446601942,0.5811965811965812,6,5.333333333333333,6.461538461538462,0.8547008547008547,0.0970873786407767,6.461538461538462,5.333333333333333,8,15,59.375
BPL,1121279,2017-12-02,2017/18,Comilla Victorians,Rangpur Riders,1,1,0,3,100,117,97,103,6,10,68,54,12,31,36,27,27,8,5.128205128205128,0.8547008547008547,0.5811965811965812,0.5242718446601942,10,5.166666666666667,6.0,0.941747572815534,0.10256410256410256,6.0,5.166666666666667,8,14,44.375
BPL,1121280,2017-12-02,2017/18,Dhaka Dynamites,Rajshahi Kings,1,0,0,99,205,120,106,111,5,10,41,62,26,50,36,60,30,8,10.25,1.7083333333333333,0.3416666666666667,0.5585585585585585,10,8.333333333333332,12.0,0.954954954954955,0.21666666666666667,12.0,8.333333333333332,8,13,99.375
BPL,1121280,2017-12-02,2017/18,Rajshahi Kings,Dhaka Dynamites,0,1,0,-99,106,111,205,120,10,5,62,41,11,20,36,12,21,8,5.72972972972973,0.954954954954955,0.5585585585585585,0.3416666666666667,5,3.3333333333333335,3.4285714285714284,1.7083333333333333,0.0990990990990991,3.4285714285714284,3.3333333333333335,8,12,15.625
BPL,1121281,2017-12-03,2017/18,Chittagong Vikings,Sylhet Sixers,0,0,0,-1,67,72,68,67,10,0,40,37,9,35,36,0,0,4,5.583333333333334,0.9305555555555556,0.5555555555555556,0.5522388059701493,0,5.833333333333333,,1.0149253731343284,0.125,,5.833333333333333,4,11,19.375
BPL,1121281,2017-12-03,2017/18,Sylhet Sixers,Chittagong Vikings,1,1,0,1,68,67,67,72,0,10,37,40,11,40,36,0,0,4,6.08955223880597,1.0149253731343284,0.5522388059701493,0.5555555555555556,10,6.666666666666667,,0.9305555555555556,0.16417910447761194,,6.666666666666667,4,11,23.125
BPL,1121282,2017-12-03,2017/18,Rangpur Riders,Khulna Titans,1,0,0,19,147,120,128,120,6,8,51,54,19,49,36,49,30,13,7.3500000000000005,1.225,0.425,0.45,8,8.166666666666668,9.8,1.0666666666666667,0.15833333333333333,9.8,8.166666666666668,13,15,59.375
BPL,1121282,2017-12-03,2017/18,Khulna Titans,Rangpur Riders,0,1,0,-19,128,120,147,120,8,6,54,51,11,48,36,33,30,13,6.4,1.0666666666666667,0.45,0.425,6,8.0,6.6000000000000005,1.225,0.09166666666666666,6.6000000000000005,8.0,13,12,63.125
BPL,1121283,2017-12-05,2017/18,Khulna Titans,Comilla Victorians,1,0,0,14,174,120,160,120,6,7,40,43,21,55,36,67,30,10,8.7,1.45,0.3333333333333333,0.35833333333333334,7,9.166666666666666,13.4,1.3333333333333333,0.175,13.4,9.166666666666666,10,12,63.125
BPL,1121283,2017-12-05,2017/18,Comilla Victorians,Khulna Titans,0,1,0,-14,160,120,174,120,7,6,43,40,20,55,36,54,30,10,8.0,1.3333333333333333,0.35833333333333334,0.3333333333333333,6,9.166666666666666,10.8,1.45,0.16666666666666666,10.8,9.166666666666666,10,14,44.375
BPL,1121284,2017-12-05,2017/18,Chittagong Vikings,Rajshahi Kings,1,0,0,45,194,120,149,120,2,9,35,48,23,63,36,67,30,7,9.7,1.6166666666666667,0.2916666666666667,0.4,9,10.5,13.4,1.2416666666666667,0.19166666666666668,13.4,10.5,7,11,19.375
BPL,1121284,2017-12-05,2017/18,Rajshahi Kings,Chittagong Vikings,0,1,0,-45,149,120,194,120,9,2,48,35,17,45,36,24,30,7,7.45,1.2416666666666667,0.4,0.2916666666666667,2,7.5,4.800000000000001,1.6166666666666667,0.14166666666666666,4.800000000000001,7.5,7,12,15.625
BPL,1121285,2017-12-06,2017/18,Dhaka Dynamites,Rangpur Riders,1,0,0,43,137,120,94,120,7,7,46,59,14,29,36,52,30,8,6.85,1.1416666666666666,0.38333333333333336,0.49166666666666664,7,4.833333333333334,10.4,0.7833333333333333,0.11666666666666667,10.4,4.833333333333334,8,13,99.375
BPL,1121285,2017-12-06,2017/18,Rangpur Riders,Dhaka Dynamites,0,1,0,-43,94,120,137,120,7,7,59,46,6,25,36,24,30,8,4.7,0.7833333333333333,0.49166666666666664,0.38333333333333336,7,4.166666666666666,4.800000000000001,1.1416666666666666,0.05,4.800000000000001,4.166666666666666,8,15,59.375
BPL,1121286,2017-12-06,2017/18,Comilla Victorians,Sylhet Sixers,1,0,0,25,170,120,145,120,4,7,45,50,20,44,36,50,30,7,8.5,1.4166666666666667,0.375,0.4166666666666667,7,7.333333333333334,10.0,1.2083333333333333,0.16666666666666666,10.0,7.333333333333334,7,14,44.375
BPL,1121286,2017-12-06,2017/18,Sylhet Sixers,Comilla Victorians,0,1,0,-25,145,120,170,120,7,4,50,45,16,36,36,47,30,7,7.25,1.2083333333333333,0.4166666666666667,0.375,4,6.0,9.4,1.4166666666666667,0.13333333333333333,9.4,6.0,7,11,23.125
BPL,1121287,2017-12-08,2017/18,Khulna Titans,Rangpur Riders,0,0,0,-4,167,120,171,92,6,2,42,34,21,45,36,59,30,3,8.35,1.3916666666666666,0.35,0.3695652173913043,2,7.5,11.799999999999999,1.858695652173913,0.175,11.799999999999999,7.5,3,12,63.125
BPL,1121287,2017-12-08,2017/18,Rangpur Riders,Khulna Titans,1,1,0,4,171,92,167,120,2,6,34,42,23,59,36,12,2,3,11.152173913043478,1.858695652173913,0.3695652173913043,0.35,6,9.833333333333332,36.0,1.3916666666666666,0.25,36.0,9.833333333333332,3,15,59.375
BPL,1121288,2017-12-08,2017/18,Dhaka Dynamites,Comilla Victorians,1,0,0,95,191,120,96,108,7,10,46,56,23,65,36,47,30,12,9.549999999999999,1.5916666666666666,0.38333333333333336,0.5185185185185185,10,10.833333333333334,9.4,0.8888888888888888,0.19166666666666668,9.4,10.833333333333334,12,13,99.375
BPL,1121288,2017-12-08,2017/18,Comilla Victorians,Dhaka Dynamites,0,1,0,-95,96,108,191,120,10,7,56,46,11,35,36,11,18,12,5.333333333333333,0.8888888888888888,0.5185185185185185,0.38333333333333336,7,5.833333333333333,3.666666666666667,1.5916666666666666,0.10185185185185185,3.666666666666667,5.833333333333333,12,14,44.375
BPL,1121289,2017-12-10,2017/18,Rangpur Riders,Comilla Victorians,1,0,0,36,192,120,156,120,3,10,44,49,26,45,36,64,30,12,9.600000000000001,1.6,0.36666666666666664,0.4083333333333333,10,7.5,12.8,1.3,0.21666666666666667,12.8,7.5,12,15,59.375
BPL,1121289,2017-12-10,2017/18,Comilla Victorians,Rangpur Riders,0,1,0,-36,156,120,192,120,10,3,49,44,19,57,36,37,30,12,7.800000000000001,1.3,0.4083333333333333,0.36666666666666664,3,9.5,7.4,1.6,0.15833333333333333,7.4,9.5,12,14,44.375
BPL,1121290,2017-12-12,2017/18,Rangpur Riders,Dhaka Dynamites,1,0,0,57,206,120,149,120,1,9,51,47,30,41,36,75,30,4,10.299999999999999,1.7166666666666666,0.425,0.39166666666666666,9,6.833333333333333,15.0,1.2416666666666667,0.25,15.0,6.833333333333333,4,15,59.375
BPL,1121290,2017-12-12,2017/18,Dhaka Dynamites,Rangpur Riders,0,1,0,-57,149,120,206,120,9,1,47,51,19,53,36,27,30,4,7.45,1.2416666666666667,0.39166666666666666,0.425,1,8.833333333333334,5.4,1.7166666666666666,0.15833333333333333,5.4,8.833333333333334,4,13,99.375
BPL,1169379,2019-01-05,2018/19,Rangpur Riders,Chittagong Vikings,0,0,1,-3,98,120,101,115,10,7,66,53,10,24,36,44,30,14,4.9,0.8166666666666667,0.55,0.4608695652173913,7,4.0,8.799999999999999,0.8782608695652174,0.08333333333333333,8.799999999999999,4.0,14,13,48.125
BPL,1169379,2019-01-05,2018/19,Chittagong Vikings,Rangpur Riders,1,1,1,3,101,115,98,120,7,10,53,66,9,45,36,24,25,14,5.269565217391305,0.8782608695652174,0.4608695652173913,0.55,10,7.5,5.76,0.8166666666666667,0.0782608695652174,5.76,7.5,14,12,34.375
BPL,1169380,2019-01-05,2018/19,Dhaka Dynamites,Rajshahi Kings,1,0,0,83,189,120,106,110,5,10,45,54,27,68,36,54,30,16,9.45,1.575,0.375,0.4909090909090909,10,11.333333333333332,10.8,0.9636363636363636,0.225,10.8,11.333333333333332,16,15,88.125
BPL,1169380,2019-01-05,2018/19,Rajshahi Kings,Dhaka Dynamites,0,1,0,-83,106,110,189,120,10,5,54,45,10,46,36,21,20,16,5.781818181818181,0.9636363636363636,0.4909090909090909,0.375,5,7.666666666666666,6.300000000000001,1.575,0.09090909090909091,6.300000000000001,7.666666666666666,16,11,51.87500000000001
BPL,1169381,2019-01-06,2018/19,Sylhet Sixers,Comilla Victorians,0,0,0,-3,127,120,130,119,8,6,64,45,16,30,36,41,30,10,6.35,1.0583333333333333,0.5333333333333333,0.37815126050420167,6,5.0,8.2,1.0924369747899159,0.13333333333333333,8.2,5.0,10,12,43.125
BPL,1169381,2019-01-06,2018/19,Comilla Victorians,Sylhet Sixers,1,1,0,3,130,119,127,120,6,8,45,64,12,33,36,47,29,10,6.554621848739496,1.0924369747899159,0.37815126050420167,0.5333333333333333,8,5.5,9.724137931034482,1.0583333333333333,0.10084033613445378,9.724137931034482,5.5,10,14,65.625
BPL,1169382,2019-01-06,2018/19,Rangpur Riders,Khulna Titans,1,0,1,8,169,120,161,120,3,5,37,37,20,42,36,67,30,5,8.450000000000001,1.4083333333333334,0.30833333333333335,0.30833333333333335,5,7.0,13.4,1.3416666666666666,0.16666666666666666,13.4,7.0,5,13,48.125
BPL,1169382,2019-01-06,2018/19,Khulna Titans,Rangpur Riders,0,1,1,-8,161,120,169,120,5,3,37,37,19,61,36,44,30,5,8.049999999999999,1.3416666666666666,0.30833333333333335,0.30833333333333335,3,10.166666666666666,8.799999999999999,1.4083333333333334,0.15833333333333333,8.799999999999999,10.166666666666666,5,11,21.875
BPL,1169383,2019-01-08,2018/19,Dhaka Dynamites,Khulna Titans,1,0,0,105,192,120,87,78,6,9,49,36,24,72,36,45,30,15,9.600000000000001,1.6,0.4083333333333333,0.46153846153846156,9,12.0,9.0,1.1153846153846154,0.2,9.0,12.0,15,15,88.125
BPL,1169383,2019-01-08,2018/19,Khulna Titans,Dhaka Dynamites,0,1,0,-105,87,78,192,120,9,6,36,49,8,52,36,0,0,15,6.6923076923076925,1.1153846153846154,0.46153846153846156,0.4083333333333333,6,8.666666666666666,,1.6,0.10256410256410256,,8.666666666666666,15,11,21.875
BPL,1169384,2019-01-08,2018/19,Comilla Victorians,Rangpur Riders,0,0,0,-4,63,98,67,72,10,1,65,39,6,18,36,1,8,10,3.8571428571428577,0.6428571428571429,0.6632653061224489,0.5416666666666666,1,3.0,0.75,0.9305555555555556,0.061224489795918366,0.75,3.0,10,14,65.625
BPL,1169384,2019-01-08,2018/19,Rangpur Riders,Comilla Victorians,1,1,0,4,67,72,63,98,1,10,39,65,7,34,36,0,0,10,5.583333333333334,0.9305555555555556,0.5416666666666666,0.6632653061224489,10,5.666666666666666,,0.6428571428571429,0.09722222222222222,,5.666666666666666,10,13,48.125
BPL,1169385,2019-01-09,2018/19,Sylhet Sixers,Chittagong Vikings,1,0,1,5,168,120,163,120,5,7,36,47,17,40,36,55,30,9,8.399999999999999,1.4,0.3,0.39166666666666666,7,6.666666666666667,11.0,1.3583333333333334,0.14166666666666666,11.0,6.666666666666667,9,12,43.125
BPL,1169385,2019-01-09,2018/19,Chittagong Vikings,Sylhet Sixers,0,1,1,-5,163,120,168,120,7,5,47,36,20,58,36,54,30,9,8.15,1.3583333333333334,0.39166666666666666,0.3,5,9.666666666666668,10.8,1.4,0.16666666666666666,10.8,9.666666666666668,9,12,34.375
BPL,1169386,2019-01-09,2018/19,Khulna Titans,Rajshahi Kings,0,0,0,-1,117,120,118,113,9,3,52,51,11,40,36,22,30,8,5.85,0.975,0.43333333333333335,0.45132743362831856,3,6.666666666666667,4.3999999999999995,1.0442477876106195,0.09166666666666666,4.3999999999999995,6.666666666666667,8,11,21.875
BPL,1169386,2019-01-09,2018/19,Rajshahi Kings,Khulna Titans,1,1,0,1,118,113,117,120,3,9,51,52,13,47,36,14,23,8,6.265486725663717,1.0442477876106195,0.45132743362831856,0.43333333333333335,9,7.833333333333334,3.6521739130434785,0.975,0.11504424778761062,3.6521739130434785,7.833333333333334,8,11,51.87500000000001
BPL,1169387,2019-01-11,2018/19,Dhaka Dynamites,Rangpur Riders,1,0,1,2,183,120,181,120,9,9,43,35,24,53,36,41,30,11,9.149999999999999,1.525,0.35833333333333334,0.2916666666666667,9,8.833333333333334,8.2,1.5083333333333333,0.2,8.2,8.833333333333334,11,15,88.125
BPL,1169387,2019-01-11,2018/19,Rangpur Riders,Dhaka Dynamites,0,1,1,-2,181,120,183,120,9,9,35,43,20,58,36,39,30,11,9.05,1.5083333333333333,0.2916666666666667,0.35833333333333334,9,9.666666666666668,7.800000000000001,1.525,0.16666666666666666,7.800000000000001,9.666666666666668,11,13,48.125
BPL,1169388,2019-01-11,2018/19,Rajshahi Kings,Comilla Victorians,0,0,0,-6,124,113,130,112,10,5,57,46,17,46,36,33,23,9,6.584070796460177,1.0973451327433628,0.504424778761062,0.4107142857142857,5,7.666666666666666,8.608695652173912,1.1607142857142858,0.1504424778761062,8.608695652173912,7.666666666666666,9,11,51.87500000000001
BPL,1169388,2019-01-11,2018/19,Comilla Victorians,Rajshahi Kings,1,1,0,6,130,112,124,113,5,10,46,57,15,51,36,25,22,9,6.964285714285715,1.1607142857142858,0.4107142857142857,0.504424778761062,10,8.5,6.818181818181818,1.0973451327433628,0.13392857142857142,6.818181818181818,8.5,9,14,65.625
BPL,1169390,2019-01-12,2018/19,Dhaka Dynamites,Sylhet Sixers,1,0,0,32,173,120,141,120,7,9,46,59,20,50,36,46,30,13,8.65,1.4416666666666667,0.38333333333333336,0.49166666666666664,9,8.333333333333332,9.200000000000001,1.175,0.16666666666666666,9.200000000000001,8.333333333333332,13,15,88.125
BPL,1169390,2019-01-12,2018/19,Sylhet Sixers,Dhaka Dynamites,0,1,0,-32,141,120,173,120,9,7,59,46,16,37,36,46,30,13,7.050000000000001,1.175,0.49166666666666664,0.38333333333333336,7,6.166666666666666,9.200000000000001,1.4416666666666667,0.13333333333333333,9.200000000000001,6.166666666666666,13,12,43.125
BPL,1169392,2019-01-13,2018/19,Comilla Victorians,Chittagong Vikings,0,0,0,-2,184,120,186,118,6,6,46,46,25,33,36,75,30,7,9.200000000000001,1.5333333333333334,0.38333333333333336,0.3898305084745763,6,5.5,15.0,1.576271186440678,0.20833333333333334,15.0,5.5,7,14,65.625
BPL,1169392,2019-01-13,2018/19,Chittagong Vikings,Comilla Victorians,1,1,0,2,186,118,184,120,6,6,46,46,25,61,36,65,28,7,9.457627118644067,1.576271186440678,0.3898305084745763,0.38333333333333336,6,10.166666666666666,13.92857142857143,1.5333333333333334,0.211864406779661,13.92857142857143,10.166666666666666,7,12,34.375
BPL,1169393,2019-01-15,2018/19,Khulna Titans,Rajshahi Kings,1,0,0,25,128,120,103,119,9,10,49,59,9,44,36,33,30,16,6.4,1.0666666666666667,0.4083333333333333,0.4957983193277311,10,7.333333333333334,6.6000000000000005,0.865546218487395,0.075,6.6000000000000005,7.333333333333334,16,11,21.875
BPL,1169393,2019-01-15,2018/19,Rajshahi Kings,Khulna Titans,0,1,0,-25,103,119,128,120,10,9,59,49,9,33,36,37,29,16,5.19327731092437,0.865546218487395,0.4957983193277311,0.4083333333333333,9,5.5,7.655172413793104,1.0666666666666667,0.07563025210084033,7.655172413793104,5.5,16,11,51.87500000000001
BPL,1169394,2019-01-15,2018/19,Sylhet Sixers,Comilla Victorians,0,0,0,-1,68,89,69,67,10,2,58,34,9,16,36,0,0,3,4.584269662921348,0.7640449438202247,0.651685393258427,0.5074626865671642,2,2.6666666666666665,,1.0298507462686568,0.10112359550561797,,2.6666666666666665,3,12,43.125
BPL,1169394,2019-01-15,2018/19,Comilla Victorians,Sylhet Sixers,1,1,0,1,69,67,68,89,2,10,34,58,9,24,36,0,0,3,6.179104477611941,1.0298507462686568,0.5074626865671642,0.651685393258427,10,4.0,,0.7640449438202247,0.13432835820895522,,4.0,3,14,65.625
BPL,1169395,2019-01-16,2018/19,Rajshahi Kings,Dhaka Dynamites,1,0,0,20,136,120,116,120,6,9,40,61,12,35,36,27,30,12,6.8,1.1333333333333333,0.3333333333333333,0.5083333333333333,9,5.833333333333333,5.4,0.9666666666666667,0.1,5.4,5.833333333333333,12,11,51.87500000000001
BPL,1169395,2019-01-16,2018/19,Dhaka Dynamites,Rajshahi Kings,0,1,0,-20,116,120,136,120,9,6,61,40,12,32,36,34,30,12,5.8,0.9666666666666667,0.5083333333333333,0.3333333333333333,6,5.333333333333333,6.8,1.1333333333333333,0.1,6.8,5.333333333333333,12,15,88.125
BPL,1169396,2019-01-16,2018/19,Sylhet Sixers,Rangpur Riders,1,0,0,27,187,120,160,120,5,6,33,40,25,61,36,52,30,7,9.35,1.5583333333333333,0.275,0.3333333333333333,6,10.166666666666666,10.4,1.3333333333333333,0.20833333333333334,10.4,10.166666666666666,7,12,43.125
BPL,1169396,2019-01-16,2018/19,Rangpur Riders,Sylhet Sixers,0,1,0,-27,160,120,187,120,6,5,40,33,18,62,36,33,30,7,8.0,1.3333333333333333,0.3333333333333333,0.275,5,10.333333333333334,6.6000000000000005,1.5583333333333333,0.15,6.6000000000000005,10.333333333333334,7,13,48.125
BPL,1169397,2019-01-18,2018/19,Sylhet Sixers,Dhaka Dynamites,0,0,0,-5,158,120,163,102,8,4,48,38,21,38,36,56,30,7,7.9,1.3166666666666667,0.4,0.37254901960784315,4,6.333333333333334,11.2,1.5980392156862746,0.175,11.2,6.333333333333334,7,12,43.125
BPL,1169397,2019-01-18,2018/19,Dhaka Dynamites,Sylhet Sixers,1,1,0,5,163,102,158,120,4,8,38,48,24,53,36,30,12,7,9.588235294117649,1.5980392156862746,0.37254901960784315,0.4,8,8.833333333333334,15.0,1.3166666666666667,0.23529411764705882,15.0,8.833333333333334,7,15,88.125
BPL,1169398,2019-01-18,2018/19,Khulna Titans,Comilla Victorians,0,0,1,-5,181,120,186,118,7,7,36,36,22,65,36,37,30,13,9.05,1.5083333333333333,0.3,0.3050847457627119,7,10.833333333333334,7.4,1.576271186440678,0.18333333333333332,7.4,10.833333333333334,13,11,21.875
BPL,1169398,2019-01-18,2018/19,Comilla Victorians,Khulna Titans,1,1,1,5,186,118,181,120,7,7,36,36,27,58,36,44,28,13,9.457627118644067,1.576271186440678,0.3050847457627119,0.3,7,9.666666666666668,9.428571428571429,1.5083333333333333,0.2288135593220339,9.428571428571429,9.666666666666668,13,14,65.625
BPL,1169399,2019-01-19,2018/19,Sylhet Sixers,Rangpur Riders,0,0,0,-1,194,120,195,117,4,6,35,39,25,52,36,65,30,8,9.7,1.6166666666666667,0.2916666666666667,0.3333333333333333,6,8.666666666666666,13.0,1.6666666666666667,0.20833333333333334,13.0,8.666666666666666,8,12,43.125
BPL,1169399,2019-01-19,2018/19,Rangpur Riders,Sylhet Sixers,1,1,0,1,195,117,194,120,6,4,39,35,28,59,36,45,27,8,10.0,1.6666666666666667,0.3333333333333333,0.2916666666666667,4,9.833333333333332,10.0,1.6166666666666667,0.23931623931623933,10.0,9.833333333333332,8,13,48.125
BPL,1169400,2019-01-19,2018/19,Chittagong Vikings,Khulna Titans,1,0,0,26,214,120,188,120,4,8,40,40,34,56,36,72,30,9,10.700000000000001,1.7833333333333334,0.3333333333333333,0.3333333333333333,8,9.333333333333334,14.399999999999999,1.5666666666666667,0.2833333333333333,14.399999999999999,9.333333333333334,9,12,34.375
BPL,1169400,2019-01-19,2018/19,Khulna Titans,Chittagong Vikings,0,1,0,-26,188,120,214,120,8,4,40,40,26,52,36,56,30,9,9.4,1.5666666666666667,0.3333333333333333,0.3333333333333333,4,8.666666666666666,11.2,1.7833333333333334,0.21666666666666667,11.2,8.666666666666666,9,11,21.875
BPL,1169401,2019-01-21,2018/19,Rajshahi Kings,Comilla Victorians,1,0,0,38,176,120,138,110,3,10,39,50,21,28,36,74,30,11,8.799999999999999,1.4666666666666666,0.325,0.45454545454545453,10,4.666666666666667,14.8,1.2545454545454546,0.175,14.8,4.666666666666667,11,11,51.87500000000001
BPL,1169401,2019-01-21,2018/19,Comilla Victorians,Rajshahi Kings,0,1,0,-38,138,110,176,120,10,3,50,39,16,39,36,24,20,11,7.527272727272727,1.2545454545454546,0.45454545454545453,0.325,3,6.5,7.199999999999999,1.4666666666666666,0.14545454545454545,7.199999999999999,6.5,11,14,65.625
BPL,1169402,2019-01-21,2018/19,Dhaka Dynamites,Chittagong Vikings,0,0,1,-6,139,120,145,119,9,7,52,52,19,42,36,39,30,9,6.950000000000001,1.1583333333333334,0.43333333333333335,0.4369747899159664,7,7.0,7.800000000000001,1.218487394957983,0.15833333333333333,7.800000000000001,7.0,9,15,88.125
BPL,1169402,2019-01-21,2018/19,Chittagong Vikings,Dhaka Dynamites,1,1,1,6,145,119,139,120,7,9,52,52,15,51,36,39,29,9,7.310924369747898,1.218487394957983,0.4369747899159664,0.43333333333333335,9,8.5,8.068965517241379,1.1583333333333334,0.12605042016806722,8.068965517241379,8.5,9,12,34.375
BPL,1169403,2019-01-22,2018/19,Khulna Titans,Rangpur Riders,0,0,0,-2,181,120,183,117,6,4,37,50,21,42,36,47,30,7,9.05,1.5083333333333333,0.30833333333333335,0.42735042735042733,4,7.0,9.4,1.564102564102564,0.175,9.4,7.0,7,11,21.875
BPL,1169403,2019-01-22,2018/19,Rangpur Riders,Khulna Titans,1,1,0,2,183,117,181,120,4,6,50,37,27,58,36,50,27,7,9.384615384615385,1.564102564102564,0.42735042735042733,0.30833333333333335,6,9.666666666666668,11.11111111111111,1.5083333333333333,0.23076923076923078,11.11111111111111,9.666666666666668,7,13,48.125
BPL,1169404,2019-01-22,2018/19,Comilla Victorians,Dhaka Dynamites,1,0,1,7,153,120,146,120,8,9,46,52,15,33,36,40,30,19,7.6499999999999995,1.275,0.38333333333333336,0.43333333333333335,9,5.5,8.0,1.2166666666666666,0.125,8.0,5.5,19,14,65.625
BPL,1169404,2019-01-22,2018/19,Dhaka Dynamites,Comilla Victorians,0,1,1,-7,146,120,153,120,9,8,52,46,18,28,36,33,30,19,7.299999999999999,1.2166666666666666,0.43333333333333335,0.38333333333333336,8,4.666666666666667,6.6000000000000005,1.275,0.15,6.6000000000000005,4.666666666666667,19,15,88.125
BPL,1169405,2019-01-23,2018/19,Rajshahi Kings,Chittagong Vikings,0,0,0,-2,157,120,159,118,5,4,47,40,21,27,36,71,30,7,7.85,1.3083333333333333,0.39166666666666666,0.3389830508474576,4,4.5,14.2,1.347457627118644,0.175,14.2,4.5,7,11,51.87500000000001
BPL,1169405,2019-01-23,2018/19,Chittagong Vikings,Rajshahi Kings,1,1,0,2,159,118,157,120,4,5,40,47,22,39,36,49,28,7,8.084745762711865,1.347457627118644,0.3389830508474576,0.39166666666666666,5,6.5,10.5,1.3083333333333333,0.1864406779661017,10.5,6.5,7,12,34.375
BPL,1169406,2019-01-23,2018/19,Khulna Titans,Sylhet Sixers,1,0,0,21,170,120,149,120,9,7,36,44,19,67,36,50,30,12,8.5,1.4166666666666667,0.3,0.36666666666666664,7,11.166666666666668,10.0,1.2416666666666667,0.15833333333333333,10.0,11.166666666666668,12,11,21.875
BPL,1169406,2019-01-23,2018/19,Sylhet Sixers,Khulna Titans,0,1,0,-21,149,120,170,120,7,9,44,36,16,39,36,36,30,12,7.45,1.2416666666666667,0.36666666666666664,0.3,9,6.5,7.199999999999999,1.4166666666666667,0.13333333333333333,7.199999999999999,6.5,12,12,43.125
BPL,1169407,2019-01-25,2018/19,Sylhet Sixers,Rajshahi Kings,1,0,0,76,180,120,104,110,6,10,42,46,23,57,36,60,30,9,9.0,1.5,0.35,0.41818181818181815,10,9.5,12.0,0.9454545454545454,0.19166666666666668,12.0,9.5,9,12,43.125
BPL,1169407,2019-01-25,2018/19,Rajshahi Kings,Sylhet Sixers,0,1,0,-76,104,110,180,120,10,6,46,42,10,35,36,14,20,9,5.672727272727273,0.9454545454545454,0.41818181818181815,0.35,6,5.833333333333333,4.199999999999999,1.5,0.09090909090909091,4.199999999999999,5.833333333333333,9,11,51.87500000000001
BPL,1169408,2019-01-25,2018/19,Rangpur Riders,Chittagong Vikings,1,0,0,72,239,120,167,120,4,8,32,37,34,69,36,58,30,7,11.95,1.9916666666666667,0.26666666666666666,0.30833333333333335,8,11.5,11.6,1.3916666666666666,0.2833333333333333,11.6,11.5,7,13,48.125
BPL,1169408,2019-01-25,2018/19,Chittagong Vikings,Rangpur Riders,0,1,0,-72,167,120,239,120,8,4,37,32,18,64,36,37,30,7,8.35,1.3916666666666666,0.30833333333333335,0.26666666666666666,4,10.666666666666666,7.4,1.9916666666666667,0.15,7.4,10.666666666666666,7,12,34.375
BPL,1169409,2019-01-26,2018/19,Sylhet Sixers,Khulna Titans,1,0,0,58,195,120,137,109,4,10,44,33,25,61,36,76,30,12,9.75,1.625,0.36666666666666664,0.30275229357798167,10,10.166666666666666,15.2,1.2568807339449541,0.20833333333333334,15.2,10.166666666666666,12,12,43.125
BPL,1169409,2019-01-26,2018/19,Khulna Titans,Sylhet Sixers,0,1,0,-58,137,109,195,120,10,4,33,44,15,64,36,20,19,12,7.541284403669724,1.2568807339449541,0.30275229357798167,0.36666666666666664,4,10.666666666666666,6.315789473684211,1.625,0.13761467889908258,6.315789473684211,10.666666666666666,12,11,21.875
BPL,1169410,2019-01-26,2018/19,Rajshahi Kings,Chittagong Vikings,1,0,1,7,198,120,191,120,5,8,31,40,24,50,36,78,30,9,9.899999999999999,1.65,0.25833333333333336,0.3333333333333333,8,8.333333333333332,15.600000000000001,1.5916666666666666,0.2,15.600000000000001,8.333333333333332,9,11,51.87500000000001
BPL,1169410,2019-01-26,2018/19,Chittagong Vikings,Rajshahi Kings,0,1,1,-7,191,120,198,120,8,5,40,31,25,61,36,48,30,9,9.549999999999999,1.5916666666666666,0.3333333333333333,0.25833333333333336,5,10.166666666666666,9.600000000000001,1.65,0.20833333333333334,9.600000000000001,10.166666666666666,9,12,34.375
BPL,1169411,2019-01-28,2018/19,Comilla Victorians,Khulna Titans,1,0,0,80,237,120,157,113,5,10,37,37,30,47,36,70,30,11,11.850000000000001,1.975,0.30833333333333335,0.3274336283185841,10,7.833333333333334,14.0,1.3893805309734513,0.25,14.0,7.833333333333334,11,14,65.625
BPL,1169411,2019-01-28,2018/19,Khulna Titans,Comilla Victorians,0,1,0,-80,157,113,237,120,10,5,37,37,20,61,36,25,23,11,8.336283185840708,1.3893805309734513,0.3274336283185841,0.30833333333333335,5,10.166666666666666,6.521739130434782,1.975,0.17699115044247787,6.521739130434782,10.166666666666666,11,11,21.875
BPL,1169412,2019-01-28,2018/19,Dhaka Dynamites,Rangpur Riders,0,0,0,-3,186,120,189,110,6,2,37,27,26,46,36,42,30,6,9.3,1.55,0.30833333333333335,0.24545454545454545,2,7.666666666666666,8.399999999999999,1.7181818181818183,0.21666666666666667,8.399999999999999,7.666666666666666,6,15,88.125
BPL,1169412,2019-01-28,2018/19,Rangpur Riders,Dhaka Dynamites,1,1,0,3,189,110,186,120,2,6,27,37,25,63,36,44,20,6,10.309090909090909,1.7181818181818183,0.24545454545454545,0.30833333333333335,6,10.5,13.200000000000001,1.55,0.22727272727272727,13.200000000000001,10.5,6,13,48.125
BPL,1169413,2019-01-29,2018/19,Chittagong Vikings,Comilla Victorians,0,0,0,-1,116,114,117,100,8,3,59,46,12,34,36,31,24,9,6.105263157894737,1.0175438596491229,0.5175438596491229,0.46,3,5.666666666666666,7.75,1.17,0.10526315789473684,7.75,5.666666666666666,9,12,34.375
BPL,1169413,2019-01-29,2018/19,Comilla Victorians,Chittagong Vikings,1,1,0,1,117,100,116,114,3,8,46,59,14,33,36,11,10,9,7.02,1.17,0.46,0.5175438596491229,8,5.5,6.6000000000000005,1.0175438596491229,0.14,6.6000000000000005,5.5,9,14,65.625
BPL,1169414,2019-01-29,2018/19,Rajshahi Kings,Rangpur Riders,0,0,0,-4,141,120,145,112,8,4,48,42,18,49,36,43,30,8,7.050000000000001,1.175,0.4,0.375,4,8.166666666666668,8.6,1.2946428571428572,0.15,8.6,8.166666666666668,8,11,51.87500000000001
BPL,1169414,2019-01-29,2018/19,Rangpur Riders,Rajshahi Kings,1,1,0,4,145,112,141,120,4,8,42,48,16,42,36,24,22,8,7.767857142857143,1.2946428571428572,0.375,0.4,8,7.0,6.545454545454545,1.175,0.14285714285714285,6.545454545454545,7.0,8,13,48.125
BPL,1169415,2019-01-30,2018/19,Chittagong Vikings,Dhaka Dynamites,1,0,0,11,174,120,163,120,5,9,41,33,22,44,36,55,30,12,8.7,1.45,0.3416666666666667,0.275,9,7.333333333333334,11.0,1.3583333333333334,0.18333333333333332,11.0,7.333333333333334,12,12,34.375
BPL,1169415,2019-01-30,2018/19,Dhaka Dynamites,Chittagong Vikings,0,1,0,-11,163,120,174,120,9,5,33,41,19,40,36,41,30,12,8.15,1.3583333333333334,0.275,0.3416666666666667,5,6.666666666666667,8.2,1.45,0.15833333333333333,8.2,6.666666666666667,12,15,88.125
BPL,1169416,2019-01-30,2018/19,Sylhet Sixers,Rajshahi Kings,0,0,0,-1,189,120,190,108,5,5,47,30,27,49,36,53,30,9,9.45,1.575,0.39166666666666666,0.2777777777777778,5,8.166666666666668,10.6,1.7592592592592593,0.225,10.6,8.166666666666668,9,12,43.125
BPL,1169416,2019-01-30,2018/19,Rajshahi Kings,Sylhet Sixers,1,1,0,1,190,108,189,120,5,5,30,47,28,51,36,41,18,9,10.555555555555555,1.7592592592592593,0.2777777777777778,0.39166666666666666,5,8.5,13.666666666666666,1.575,0.25925925925925924,13.666666666666666,8.5,9,11,51.87500000000001
BPL,1169417,2019-02-01,2018/19,Comilla Victorians,Dhaka Dynamites,1,0,1,1,127,120,126,120,10,9,56,59,14,47,36,40,30,13,6.35,1.0583333333333333,0.4666666666666667,0.49166666666666664,9,7.833333333333334,8.0,1.05,0.11666666666666667,8.0,7.833333333333334,13,14,65.625
BPL,1169417,2019-02-01,2018/19,Dhaka Dynamites,Comilla Victorians,0,1,1,-1,126,120,127,120,9,10,59,56,14,31,36,36,30,13,6.300000000000001,1.05,0.49166666666666664,0.4666666666666667,10,5.166666666666667,7.199999999999999,1.0583333333333333,0.11666666666666667,7.199999999999999,5.166666666666667,13,15,88.125
BPL,1169418,2019-02-01,2018/19,Sylhet Sixers,Chittagong Vikings,1,0,0,29,165,120,136,111,5,10,42,46,19,47,36,54,30,12,8.25,1.375,0.35,0.4144144144144144,10,7.833333333333334,10.8,1.2252252252252251,0.15833333333333333,10.8,7.833333333333334,12,12,43.125
BPL,1169418,2019-02-01,2018/19,Chittagong Vikings,Sylhet Sixers,0,1,0,-29,136,111,165,120,10,5,46,42,16,32,36,27,21,12,7.351351351351351,1.2252252252252251,0.4144144144144144,0.35,5,5.333333333333333,7.714285714285715,1.375,0.14414414414414414,7.714285714285715,5.333333333333333,12,12,34.375
BPL,1169419,2019-02-02,2018/19,Comilla Victorians,Rangpur Riders,0,0,0,-4,72,99,76,57,10,1,62,27,9,24,36,5,9,8,4.363636363636363,0.7272727272727273,0.6262626262626263,0.47368421052631576,1,4.0,3.3333333333333335,1.3333333333333333,0.09090909090909091,3.3333333333333335,4.0,8,14,65.625
BPL,1169419,2019-02-02,2018/19,Rangpur Riders,Comilla Victorians,1,1,0,4,76,57,72,99,1,10,27,62,12,37,36,0,0,8,8.0,1.3333333333333333,0.47368421052631576,0.6262626262626263,10,6.166666666666666,,0.7272727272727273,0.21052631578947367,,6.166666666666666,8,13,48.125
BPL,1169420,2019-02-02,2018/19,Khulna Titans,Dhaka Dynamites,0,0,0,-1,123,120,124,89,9,4,50,38,11,35,36,36,30,10,6.1499999999999995,1.025,0.4166666666666667,0.42696629213483145,4,5.833333333333333,7.199999999999999,1.3932584269662922,0.09166666666666666,7.199999999999999,5.833333333333333,10,11,21.875
BPL,1169420,2019-02-02,2018/19,Dhaka Dynamites,Khulna Titans,1,1,0,1,124,89,123,120,4,9,38,50,15,71,36,0,0,10,8.359550561797754,1.3932584269662922,0.42696629213483145,0.4166666666666667,9,11.833333333333334,,1.025,0.16853932584269662,,11.833333333333334,10,15,88.125
BPL,1169421,2019-02-04,2018/19,Chittagong Vikings,Dhaka Dynamites,0,0,0,-1,135,120,136,100,8,4,45,35,16,42,36,33,30,10,6.75,1.125,0.375,0.35,4,7.0,6.6000000000000005,1.36,0.13333333333333333,6.6000000000000005,7.0,10,12,34.375
BPL,1169421,2019-02-04,2018/19,Dhaka Dynamites,Chittagong Vikings,1,1,0,1,136,100,135,120,4,8,35,45,18,52,36,14,10,10,8.16,1.36,0.35,0.375,8,8.666666666666666,8.399999999999999,1.125,0.18,8.399999999999999,8.666666666666666,10,15,88.125
BPL,1169422,2019-02-04,2018/19,Rangpur Riders,Comilla Victorians,0,0,0,-1,165,120,166,113,5,2,51,36,22,34,36,74,30,7,8.25,1.375,0.425,0.3185840707964602,2,5.666666666666666,14.8,1.4690265486725664,0.18333333333333332,14.8,5.666666666666666,7,13,48.125
BPL,1169422,2019-02-04,2018/19,Comilla Victorians,Rangpur Riders,1,1,0,1,166,113,165,120,2,5,36,51,20,44,36,41,23,7,8.814159292035399,1.4690265486725664,0.3185840707964602,0.425,5,7.333333333333334,10.695652173913043,1.375,0.17699115044247787,10.695652173913043,7.333333333333334,7,14,65.625
BPL,1169423,2019-02-06,2018/19,Rangpur Riders,Dhaka Dynamites,0,0,0,-5,142,118,147,100,10,5,52,35,18,46,36,33,28,11,7.220338983050847,1.2033898305084745,0.4406779661016949,0.35,5,7.666666666666666,7.071428571428571,1.47,0.15254237288135594,7.071428571428571,7.666666666666666,11,13,48.125
BPL,1169423,2019-02-06,2018/19,Dhaka Dynamites,Rangpur Riders,1,1,0,5,147,100,142,118,5,10,35,52,18,51,36,30,10,11,8.82,1.47,0.35,0.4406779661016949,10,8.5,18.0,1.2033898305084745,0.18,18.0,8.5,11,15,88.125
BPL,1169424,2019-02-08,2018/19,Comilla Victorians,Dhaka Dynamites,1,0,0,17,199,120,182,120,3,9,33,46,25,40,36,62,30,10,9.950000000000001,1.6583333333333334,0.275,0.38333333333333336,9,6.666666666666667,12.400000000000002,1.5166666666666666,0.20833333333333334,12.400000000000002,6.666666666666667,10,14,65.625
BPL,1169424,2019-02-08,2018/19,Dhaka Dynamites,Comilla Victorians,0,1,0,-17,182,120,199,120,9,3,46,33,25,71,36,41,30,10,9.1,1.5166666666666666,0.38333333333333336,0.275,3,11.833333333333334,8.2,1.6583333333333334,0.20833333333333334,8.2,11.833333333333334,10,15,88.125
BPL,1208067,2019-12-11,2019/20,Sylhet Thunder,Chattogram Challengers,0,0,0,-1,162,120,163,114,4,5,46,42,19,48,36,38,30,7,8.100000000000001,1.35,0.38333333333333336,0.3684210526315789,5,8.0,7.6,1.4298245614035088,0.15833333333333333,7.6,8.0,7,11,11.875
BPL,1208067,2019-12-11,2019/20,Chattogram Challengers,Sylhet Thunder,1,1,0,1,163,114,162,120,5,4,42,46,18,42,36,38,24,7,8.578947368421053,1.4298245614035088,0.3684210526315789,0.38333333333333336,4,7.0,9.5,1.35,0.15789473684210525,9.5,7.0,7,14,38.125
BPL,1208068,2019-12-11,2019/20,Cumilla Warriors,Rangpur Rangers,1,0,0,105,173,120,68,84,7,9,55,46,27,46,36,77,30,8,8.65,1.4416666666666667,0.4583333333333333,0.5476190476190477,9,7.666666666666666,15.400000000000002,0.8095238095238095,0.225,15.400000000000002,7.666666666666666,8,11,20.625
BPL,1208068,2019-12-11,2019/20,Rangpur Rangers,Cumilla Warriors,0,1,0,-105,68,84,173,120,9,7,46,55,5,36,36,0,0,8,4.857142857142858,0.8095238095238095,0.5476190476190477,0.4583333333333333,7,6.0,,1.4416666666666667,0.05952380952380952,,6.0,8,12,49.375
BPL,1208069,2019-12-12,2019/20,Dhaka Platoon,Rajshahi Royals,0,0,0,-2,134,120,136,110,9,1,48,45,13,41,36,43,30,12,6.7,1.1166666666666667,0.4,0.4090909090909091,1,6.833333333333333,8.6,1.2363636363636363,0.10833333333333334,8.6,6.833333333333333,12,13,74.375
BPL,1208069,2019-12-12,2019/20,Rajshahi Royals,Dhaka Platoon,1,1,0,2,136,110,134,120,1,9,45,48,18,47,36,26,20,12,7.418181818181818,1.2363636363636363,0.4090909090909091,0.4,9,7.833333333333334,7.800000000000001,1.1166666666666667,0.16363636363636364,7.800000000000001,7.833333333333334,12,15,73.125
BPL,1208070,2019-12-12,2019/20,Chattogram Challengers,Khulna Tigers,0,0,0,-2,144,120,146,83,6,2,53,27,16,39,36,51,30,8,7.199999999999999,1.2,0.44166666666666665,0.3253012048192771,2,6.5,10.2,1.7590361445783131,0.13333333333333333,10.2,6.5,8,14,38.125
BPL,1208070,2019-12-12,2019/20,Khulna Tigers,Chattogram Challengers,1,1,0,2,146,83,144,120,2,6,27,53,23,74,36,0,0,8,10.55421686746988,1.7590361445783131,0.3253012048192771,0.44166666666666665,6,12.333333333333332,,1.2,0.27710843373493976,,12.333333333333332,8,14,86.875
BPL,1208071,2019-12-13,2019/20,Sylhet Thunder,Rajshahi Royals,0,0,0,-4,91,93,95,65,10,2,43,26,9,46,36,2,3,9,5.870967741935484,0.978494623655914,0.46236559139784944,0.4,2,7.666666666666666,4.0,1.4615384615384615,0.0967741935483871,4.0,7.666666666666666,9,11,11.875
BPL,1208071,2019-12-13,2019/20,Rajshahi Royals,Sylhet Thunder,1,1,0,4,95,65,91,93,2,10,26,43,15,55,36,0,0,9,8.769230769230768,1.4615384615384615,0.4,0.46236559139784944,10,9.166666666666666,,0.978494623655914,0.23076923076923078,,9.166666666666666,9,15,73.125
BPL,1208072,2019-12-13,2019/20,Dhaka Platoon,Cumilla Warriors,1,0,0,20,180,120,160,120,7,9,41,34,24,28,36,70,30,13,9.0,1.5,0.3416666666666667,0.2833333333333333,9,4.666666666666667,14.0,1.3333333333333333,0.2,14.0,4.666666666666667,13,13,74.375
BPL,1208072,2019-12-13,2019/20,Cumilla Warriors,Dhaka Platoon,0,1,0,-20,160,120,180,120,9,7,34,41,19,52,36,41,30,13,8.0,1.3333333333333333,0.2833333333333333,0.3416666666666667,7,8.666666666666666,8.2,1.5,0.15833333333333333,8.2,8.666666666666666,13,11,20.625
BPL,1208073,2019-12-14,2019/20,Rangpur Rangers,Chattogram Challengers,0,0,0,-1,157,120,158,110,8,4,33,35,14,57,36,35,30,14,7.85,1.3083333333333333,0.275,0.3181818181818182,4,9.5,7.0,1.4363636363636363,0.11666666666666667,7.0,9.5,14,12,49.375
BPL,1208073,2019-12-14,2019/20,Chattogram Challengers,Rangpur Rangers,1,1,0,1,158,110,157,120,4,8,35,33,18,55,36,33,20,14,8.618181818181817,1.4363636363636363,0.3181818181818182,0.275,8,9.166666666666666,9.899999999999999,1.3083333333333333,0.16363636363636364,9.899999999999999,9.166666666666666,14,14,38.125
BPL,1208074,2019-12-14,2019/20,Dhaka Platoon,Sylhet Thunder,1,0,0,24,182,120,158,120,4,7,36,48,23,44,36,63,30,12,9.1,1.5166666666666666,0.3,0.4,7,7.333333333333334,12.600000000000001,1.3166666666666667,0.19166666666666668,12.600000000000001,7.333333333333334,12,13,74.375
BPL,1208074,2019-12-14,2019/20,Sylhet Thunder,Dhaka Platoon,0,1,0,-24,158,120,182,120,7,4,48,36,21,54,36,37,30,12,7.9,1.3166666666666667,0.4,0.3,4,9.0,7.4,1.5166666666666666,0.175,7.4,9.0,12,11,11.875
BPL,1208075,2019-12-17,2019/20,Rajshahi Royals,Khulna Tigers,0,0,0,-3,189,120,192,118,4,5,34,29,22,41,36,68,30,8,9.45,1.575,0.2833333333333333,0.2457627118644068,5,6.833333333333333,13.6,1.6271186440677967,0.18333333333333332,13.6,6.833333333333333,8,15,73.125
BPL,1208075,2019-12-17,2019/20,Khulna Tigers,Rajshahi Royals,1,1,0,3,192,118,189,120,5,4,29,34,26,54,36,50,28,8,9.76271186440678,1.6271186440677967,0.2457627118644068,0.2833333333333333,4,9.0,10.714285714285715,1.575,0.22033898305084745,10.714285714285715,9.0,8,14,86.875
BPL,1208076,2019-12-17,2019/20,Sylhet Thunder,Chattogram Challengers,0,0,0,-1,129,120,130,108,8,6,46,52,10,30,36,39,30,9,6.449999999999999,1.075,0.38333333333333336,0.48148148148148145,6,5.0,7.800000000000001,1.2037037037037037,0.08333333333333333,7.800000000000001,5.0,9,11,11.875
BPL,1208076,2019-12-17,2019/20,Chattogram Challengers,Sylhet Thunder,1,1,0,1,130,108,129,120,6,8,52,46,17,43,36,31,18,9,7.222222222222222,1.2037037037037037,0.48148148148148145,0.38333333333333336,8,7.166666666666666,10.333333333333334,1.075,0.1574074074074074,10.333333333333334,7.166666666666666,9,14,38.125
BPL,1208077,2019-12-18,2019/20,Rangpur Rangers,Cumilla Warriors,0,0,0,-1,181,120,182,118,8,4,36,32,23,68,36,49,30,11,9.05,1.5083333333333333,0.3,0.2711864406779661,4,11.333333333333332,9.8,1.5423728813559323,0.19166666666666668,9.8,11.333333333333332,11,12,49.375
BPL,1208077,2019-12-18,2019/20,Cumilla Warriors,Rangpur Rangers,1,1,0,1,182,118,181,120,4,8,32,36,23,61,36,51,28,11,9.254237288135593,1.5423728813559323,0.2711864406779661,0.3,8,10.166666666666666,10.928571428571429,1.5083333333333333,0.19491525423728814,10.928571428571429,10.166666666666666,11,11,20.625
BPL,1208078,2019-12-18,2019/20,Chattogram Challengers,Dhaka Platoon,1,0,0,16,221,120,205,120,4,10,32,38,34,74,36,58,30,12,11.049999999999999,1.8416666666666666,0.26666666666666666,0.31666666666666665,10,12.333333333333332,11.6,1.7083333333333333,0.2833333333333333,11.6,12.333333333333332,12,14,38.125
BPL,1208078,2019-12-18,2019/20,Dhaka Platoon,Chattogram Challengers,0,1,0,-16,205,120,221,120,10,4,38,32,25,53,36,55,30,12,10.25,1.7083333333333333,0.31666666666666665,0.26666666666666666,4,8.833333333333334,11.0,1.8416666666666666,0.20833333333333334,11.0,8.833333333333334,12,13,74.375
BPL,1208079,2019-12-20,2019/20,Rangpur Rangers,Khulna Tigers,0,0,0,-1,137,120,138,75,9,2,46,20,15,39,36,41,30,11,6.85,1.1416666666666666,0.38333333333333336,0.26666666666666666,2,6.5,8.2,1.84,0.125,8.2,6.5,11,12,49.375
BPL,1208079,2019-12-20,2019/20,Khulna Tigers,Rangpur Rangers,1,1,0,1,138,75,137,120,2,9,20,46,18,83,36,0,0,11,11.040000000000001,1.84,0.26666666666666666,0.38333333333333336,9,13.833333333333332,,1.1416666666666666,0.24,,13.833333333333332,11,14,86.875
BPL,1208080,2019-12-20,2019/20,Chattogram Challengers,Cumilla Warriors,1,0,0,16,238,120,222,120,4,7,26,32,33,60,36,92,30,7,11.9,1.9833333333333334,0.21666666666666667,0.26666666666666666,7,10.0,18.400000000000002,1.85,0.275,18.400000000000002,10.0,7,14,38.125
BPL,1208080,2019-12-20,2019/20,Cumilla Warriors,Chattogram Challengers,0,1,0,-16,222,120,238,120,7,4,32,26,33,40,36,66,30,7,11.100000000000001,1.85,0.26666666666666666,0.21666666666666667,4,6.666666666666667,13.200000000000001,1.9833333333333334,0.275,13.200000000000001,6.666666666666667,7,11,20.625
BPL,1208081,2019-12-21,2019/20,Sylhet Thunder,Khulna Tigers,1,0,0,80,232,120,152,111,5,9,28,40,35,72,36,51,30,12,11.6,1.9333333333333333,0.23333333333333334,0.36036036036036034,9,12.0,10.2,1.3693693693693694,0.2916666666666667,10.2,12.0,12,11,11.875
BPL,1208081,2019-12-21,2019/20,Khulna Tigers,Sylhet Thunder,0,1,0,-80,152,111,232,120,9,5,40,28,21,57,36,24,21,12,8.216216216216216,1.3693693693693694,0.36036036036036034,0.23333333333333334,5,9.5,6.857142857142857,1.9333333333333333,0.1891891891891892,6.857142857142857,9.5,12,14,86.875
BPL,1208082,2019-12-21,2019/20,Chattogram Challengers,Rangpur Rangers,0,0,0,-4,163,120,167,112,7,4,42,35,20,44,36,45,30,6,8.15,1.3583333333333334,0.35,0.3125,4,7.333333333333334,9.0,1.4910714285714286,0.16666666666666666,9.0,7.333333333333334,6,14,38.125
BPL,1208082,2019-12-21,2019/20,Rangpur Rangers,Chattogram Challengers,1,1,0,4,167,112,163,120,4,7,35,42,22,32,36,38,22,6,8.946428571428571,1.4910714285714286,0.3125,0.35,7,5.333333333333333,10.363636363636363,1.3583333333333334,0.19642857142857142,10.363636363636363,5.333333333333333,6,12,49.375
BPL,1208083,2019-12-23,2019/20,Cumilla Warriors,Dhaka Platoon,0,0,0,-1,160,120,161,119,3,5,43,45,15,45,36,54,30,5,8.0,1.3333333333333333,0.35833333333333334,0.37815126050420167,5,7.5,10.8,1.3529411764705883,0.125,10.8,7.5,5,11,20.625
BPL,1208083,2019-12-23,2019/20,Dhaka Platoon,Cumilla Warriors,1,1,0,1,161,119,160,120,5,3,45,43,17,62,36,42,29,5,8.117647058823529,1.3529411764705883,0.37815126050420167,0.35833333333333334,3,10.333333333333334,8.689655172413794,1.3333333333333333,0.14285714285714285,8.689655172413794,10.333333333333334,5,13,74.375
BPL,1208084,2019-12-23,2019/20,Khulna Tigers,Rajshahi Royals,0,0,0,-4,145,120,149,108,9,3,45,37,17,43,36,44,30,12,7.25,1.2083333333333333,0.375,0.3425925925925926,3,7.166666666666666,8.799999999999999,1.3796296296296295,0.14166666666666666,8.799999999999999,7.166666666666666,12,14,86.875
BPL,1208084,2019-12-23,2019/20,Rajshahi Royals,Khulna Tigers,1,1,0,4,149,108,145,120,3,9,37,45,18,60,36,34,18,12,8.277777777777777,1.3796296296296295,0.3425925925925926,0.375,9,10.0,11.333333333333332,1.2083333333333333,0.16666666666666666,11.333333333333332,10.0,12,15,73.125
BPL,1208085,2019-12-24,2019/20,Sylhet Thunder,Dhaka Platoon,0,0,0,-1,174,120,175,111,4,2,48,30,22,49,36,40,30,4,8.7,1.45,0.4,0.2702702702702703,2,8.166666666666668,8.0,1.5765765765765767,0.18333333333333332,8.0,8.166666666666668,4,11,11.875
BPL,1208085,2019-12-24,2019/20,Dhaka Platoon,Sylhet Thunder,1,1,0,1,175,111,174,120,2,4,30,48,24,49,36,31,21,4,9.45945945945946,1.5765765765765767,0.2702702702702703,0.4,4,8.166666666666668,8.857142857142858,1.45,0.21621621621621623,8.857142857142858,8.166666666666668,4,13,74.375
BPL,1208086,2019-12-24,2019/20,Cumilla Warriors,Rajshahi Royals,0,0,0,-1,170,120,171,107,8,3,40,32,21,54,36,44,30,6,8.5,1.4166666666666667,0.3333333333333333,0.29906542056074764,3,9.0,8.799999999999999,1.5981308411214954,0.175,8.799999999999999,9.0,6,11,20.625
BPL,1208086,2019-12-24,2019/20,Rajshahi Royals,Cumilla Warriors,1,1,0,1,171,107,170,120,3,8,32,40,23,58,36,39,17,6,9.588785046728972,1.5981308411214954,0.29906542056074764,0.3333333333333333,8,9.666666666666668,13.76470588235294,1.4166666666666667,0.21495327102803738,13.76470588235294,9.666666666666668,6,15,73.125
BPL,1208087,2019-12-27,2019/20,Dhaka Platoon,Chattogram Challengers,0,0,0,-1,124,120,125,112,9,4,50,53,12,32,36,50,30,13,6.200000000000001,1.0333333333333334,0.4166666666666667,0.4732142857142857,4,5.333333333333333,10.0,1.1160714285714286,0.1,10.0,5.333333333333333,13,13,74.375
BPL,1208087,2019-12-27,2019/20,Chattogram Challengers,Dhaka Platoon,1,1,0,1,125,112,124,120,4,9,53,50,16,30,36,26,22,13,6.696428571428571,1.1160714285714286,0.4732142857142857,0.4166666666666667,9,5.0,7.090909090909092,1.0333333333333334,0.14285714285714285,7.090909090909092,5.0,13,14,38.125
BPL,1208088,2019-12-27,2019/20,Khulna Tigers,Rangpur Rangers,1,0,0,52,182,120,130,120,7,9,42,53,23,49,36,55,30,15,9.1,1.5166666666666666,0.35,0.44166666666666665,9,8.166666666666668,11.0,1.0833333333333333,0.19166666666666668,11.0,8.166666666666668,15,14,86.875
BPL,1208088,2019-12-27,2019/20,Rangpur Rangers,Khulna Tigers,0,1,0,-52,130,120,182,120,9,7,53,42,14,39,36,33,30,15,6.5,1.0833333333333333,0.44166666666666665,0.35,7,6.5,6.6000000000000005,1.5166666666666666,0.11666666666666667,6.6000000000000005,6.5,15,12,49.375
BPL,1208089,2019-12-28,2019/20,Rajshahi Royals,Cumilla Warriors,1,0,0,15,190,120,175,120,4,4,34,35,23,56,36,73,30,5,9.5,1.5833333333333333,0.2833333333333333,0.2916666666666667,4,9.333333333333334,14.599999999999998,1.4583333333333333,0.19166666666666668,14.599999999999998,9.333333333333334,5,15,73.125
BPL,1208089,2019-12-28,2019/20,Cumilla Warriors,Rajshahi Royals,0,1,0,-15,175,120,190,120,4,4,35,34,17,44,36,67,30,5,8.75,1.4583333333333333,0.2916666666666667,0.2833333333333333,4,7.333333333333334,13.4,1.5833333333333333,0.14166666666666666,13.4,7.333333333333334,5,11,20.625
BPL,1208090,2019-12-28,2019/20,Sylhet Thunder,Khulna Tigers,0,0,0,-1,157,120,158,107,4,2,40,36,16,43,36,44,30,6,7.85,1.3083333333333333,0.3333333333333333,0.3364485981308411,2,7.166666666666666,8.799999999999999,1.4766355140186915,0.13333333333333333,8.799999999999999,7.166666666666666,6,11,11.875
BPL,1208090,2019-12-28,2019/20,Khulna Tigers,Sylhet Thunder,1,1,0,1,158,107,157,120,2,4,36,40,19,66,36,30,17,6,8.85981308411215,1.4766355140186915,0.3364485981308411,0.3333333333333333,4,11.0,10.588235294117647,1.3083333333333333,0.17757009345794392,10.588235294117647,11.0,6,14,86.875
BPL,1208091,2019-12-30,2019/20,Sylhet Thunder,Rangpur Rangers,0,0,0,-1,133,120,134,104,9,3,46,51,12,27,36,25,30,11,6.65,1.1083333333333334,0.38333333333333336,0.49038461538461536,3,4.5,5.0,1.2884615384615385,0.1,5.0,4.5,11,11,11.875
BPL,1208091,2019-12-30,2019/20,Rangpur Rangers,Sylhet Thunder,1,1,0,1,134,104,133,120,3,9,51,46,18,31,36,21,14,11,7.730769230769232,1.2884615384615385,0.49038461538461536,0.38333333333333336,9,5.166666666666667,9.0,1.1083333333333334,0.17307692307692307,9.0,5.166666666666667,11,12,49.375
BPL,1208092,2019-12-30,2019/20,Dhaka Platoon,Rajshahi Royals,1,0,0,74,174,120,100,100,5,10,37,48,21,36,36,62,30,14,8.7,1.45,0.30833333333333335,0.48,10,6.0,12.400000000000002,1.0,0.175,12.400000000000002,6.0,14,13,74.375
BPL,1208092,2019-12-30,2019/20,Rajshahi Royals,Dhaka Platoon,0,1,0,-74,100,100,174,120,10,5,48,37,9,48,36,7,10,14,6.0,1.0,0.48,0.30833333333333335,5,8.0,4.199999999999999,1.45,0.09,4.199999999999999,8.0,14,15,73.125
BPL,1208093,2019-12-31,2019/20,Chattogram Challengers,Cumilla Warriors,0,0,1,-2,159,120,161,120,6,8,41,38,18,54,36,43,30,11,7.949999999999999,1.325,0.3416666666666667,0.31666666666666665,8,9.0,8.6,1.3416666666666666,0.15,8.6,9.0,11,14,38.125
BPL,1208093,2019-12-31,2019/20,Cumilla Warriors,Chattogram Challengers,1,1,1,2,161,120,159,120,8,6,38,41,21,51,36,35,30,11,8.049999999999999,1.3416666666666666,0.31666666666666665,0.3416666666666667,6,8.5,7.0,1.325,0.175,7.0,8.5,11,11,20.625
BPL,1208094,2019-12-31,2019/20,Rangpur Rangers,Rajshahi Royals,1,0,0,47,182,120,135,120,6,8,42,48,25,52,36,51,30,11,9.1,1.5166666666666666,0.35,0.4,8,8.666666666666666,10.2,1.125,0.20833333333333334,10.2,8.666666666666666,11,12,49.375
BPL,1208094,2019-12-31,2019/20,Rajshahi Royals,Rangpur Rangers,0,1,0,-47,135,120,182,120,8,6,48,42,15,31,36,29,30,11,6.75,1.125,0.4,0.35,6,5.166666666666667,5.8,1.5166666666666666,0.125,5.8,5.166666666666667,11,15,73.125
BPL,1208095,2020-01-02,2019/20,Rajshahi Royals,Rangpur Rangers,1,0,0,30,179,120,149,120,4,7,34,48,23,55,36,60,30,9,8.95,1.4916666666666667,0.2833333333333333,0.4,7,9.166666666666666,12.0,1.2416666666666667,0.19166666666666668,12.0,9.166666666666666,9,15,73.125
BPL,1208095,2020-01-02,2019/20,Rangpur Rangers,Rajshahi Royals,0,1,0,-30,149,120,179,120,7,4,48,34,17,47,36,35,30,9,7.45,1.2416666666666667,0.4,0.2833333333333333,4,7.833333333333334,7.0,1.4916666666666667,0.14166666666666666,7.0,7.833333333333334,9,12,49.375
BPL,1208097,2020-01-03,2019/20,Dhaka Platoon,Khulna Tigers,1,0,0,12,172,120,160,120,4,8,41,49,19,45,36,62,30,9,8.6,1.4333333333333333,0.3416666666666667,0.4083333333333333,8,7.5,12.400000000000002,1.3333333333333333,0.15833333333333333,12.400000000000002,7.5,9,13,74.375
BPL,1208097,2020-01-03,2019/20,Khulna Tigers,Dhaka Platoon,0,1,0,-12,160,120,172,120,8,4,49,41,22,38,36,56,30,9,8.0,1.3333333333333333,0.4083333333333333,0.3416666666666667,4,6.333333333333334,11.2,1.4333333333333333,0.18333333333333332,11.2,6.333333333333334,9,14,86.875
BPL,1208098,2020-01-03,2019/20,Rangpur Rangers,Sylhet Thunder,1,0,0,38,199,120,161,115,5,9,39,39,27,63,36,58,30,10,9.950000000000001,1.6583333333333334,0.325,0.3391304347826087,9,10.5,11.6,1.4,0.225,11.6,10.5,10,12,49.375
BPL,1208098,2020-01-03,2019/20,Sylhet Thunder,Rangpur Rangers,0,1,0,-38,161,115,199,120,9,5,39,39,19,58,36,20,25,10,8.399999999999999,1.4,0.3391304347826087,0.325,5,9.666666666666668,4.800000000000001,1.6583333333333334,0.16521739130434782,4.800000000000001,9.666666666666668,10,11,11.875
BPL,1208099,2020-01-04,2019/20,Khulna Tigers,Chattogram Challengers,0,0,0,-3,121,119,124,109,10,4,48,50,11,22,36,36,29,6,6.100840336134453,1.0168067226890756,0.40336134453781514,0.45871559633027525,4,3.666666666666667,7.448275862068966,1.1376146788990826,0.09243697478991597,7.448275862068966,3.666666666666667,6,14,86.875
BPL,1208099,2020-01-04,2019/20,Chattogram Challengers,Khulna Tigers,1,1,0,3,124,109,121,119,4,10,50,48,16,42,36,14,19,6,6.825688073394495,1.1376146788990826,0.45871559633027525,0.40336134453781514,10,7.0,4.421052631578947,1.0168067226890756,0.14678899082568808,4.421052631578947,7.0,6,14,38.125
BPL,1208100,2020-01-04,2019/20,Sylhet Thunder,Rajshahi Royals,0,0,0,-2,143,120,145,91,6,4,52,36,16,36,36,37,30,9,7.15,1.1916666666666667,0.43333333333333335,0.3956043956043956,4,6.0,7.4,1.5934065934065933,0.13333333333333333,7.4,6.0,9,11,11.875
BPL,1208100,2020-01-04,2019/20,Rajshahi Royals,Sylhet Thunder,1,1,0,2,145,91,143,120,4,6,36,52,21,59,36,6,1,9,9.56043956043956,1.5934065934065933,0.3956043956043956,0.43333333333333335,6,9.833333333333332,36.0,1.1916666666666667,0.23076923076923078,36.0,9.833333333333332,9,15,73.125
BPL,1208101,2020-01-07,2019/20,Sylhet Thunder,Cumilla Warriors,0,0,0,-1,141,120,142,115,5,5,41,37,14,32,36,47,30,7,7.050000000000001,1.175,0.3416666666666667,0.3217391304347826,5,5.333333333333333,9.4,1.2347826086956522,0.11666666666666667,9.4,5.333333333333333,7,11,11.875
BPL,1208101,2020-01-07,2019/20,Cumilla Warriors,Sylhet Thunder,1,1,0,1,142,115,141,120,5,5,37,41,15,16,36,46,25,7,7.408695652173913,1.2347826086956522,0.3217391304347826,0.3416666666666667,5,2.6666666666666665,11.040000000000001,1.175,0.13043478260869565,11.040000000000001,2.6666666666666665,7,11,20.625
BPL,1208102,2020-01-07,2019/20,Rajshahi Royals,Chattogram Challengers,0,0,0,-4,166,120,170,111,8,3,40,43,20,44,36,42,30,8,8.3,1.3833333333333333,0.3333333333333333,0.38738738738738737,3,7.333333333333334,8.399999999999999,1.5315315315315314,0.16666666666666666,8.399999999999999,7.333333333333334,8,15,73.125
BPL,1208102,2020-01-07,2019/20,Chattogram Challengers,Rajshahi Royals,1,1,0,4,170,111,166,120,3,8,43,40,21,55,36,32,21,8,9.18918918918919,1.5315315315315314,0.38738738738738737,0.3333333333333333,8,9.166666666666666,9.142857142857142,1.3833333333333333,0.1891891891891892,9.142857142857142,9.166666666666666,8,14,38.125
BPL,1208103,2020-01-08,2019/20,Khulna Tigers,Cumilla Warriors,1,0,0,34,179,120,145,110,2,10,37,46,21,44,36,58,30,8,8.95,1.4916666666666667,0.30833333333333335,0.41818181818181815,10,7.333333333333334,11.6,1.3181818181818181,0.175,11.6,7.333333333333334,8,14,86.875
BPL,1208103,2020-01-08,2019/20,Cumilla Warriors,Khulna Tigers,0,1,0,-34,145,110,179,120,10,2,46,37,19,44,36,15,20,8,7.909090909090908,1.3181818181818181,0.41818181818181815,0.30833333333333335,2,7.333333333333334,4.5,1.4916666666666667,0.17272727272727273,4.5,7.333333333333334,8,11,20.625
BPL,1208104,2020-01-08,2019/20,Dhaka Platoon,Rangpur Rangers,1,0,0,61,145,120,84,93,9,10,49,54,17,41,36,46,30,12,7.25,1.2083333333333333,0.4083333333333333,0.5806451612903226,10,6.833333333333333,9.200000000000001,0.9032258064516129,0.14166666666666666,9.200000000000001,6.833333333333333,12,13,74.375
BPL,1208104,2020-01-08,2019/20,Rangpur Rangers,Dhaka Platoon,0,1,0,-61,84,93,145,120,10,9,54,49,11,34,36,2,3,12,5.419354838709677,0.9032258064516129,0.5806451612903226,0.4083333333333333,9,5.666666666666666,4.0,1.2083333333333333,0.11827956989247312,4.0,5.666666666666666,12,12,49.375
BPL,1208105,2020-01-10,2019/20,Rangpur Rangers,Dhaka Platoon,1,0,0,11,149,120,138,120,9,9,49,50,20,34,36,43,30,18,7.45,1.2416666666666667,0.4083333333333333,0.4166666666666667,9,5.666666666666666,8.6,1.15,0.16666666666666666,8.6,5.666666666666666,18,12,49.375
BPL,1208105,2020-01-10,2019/20,Dhaka Platoon,Rangpur Rangers,0,1,0,-11,138,120,149,120,9,9,50,49,13,39,36,36,30,18,6.8999999999999995,1.15,0.4166666666666667,0.4083333333333333,9,6.5,7.199999999999999,1.2416666666666667,0.10833333333333334,7.199999999999999,6.5,18,13,74.375
BPL,1208106,2020-01-10,2019/20,Khulna Tigers,Cumilla Warriors,1,0,0,92,218,120,126,120,3,9,23,51,27,44,36,68,30,7,10.9,1.8166666666666667,0.19166666666666668,0.425,9,7.333333333333334,13.6,1.05,0.225,13.6,7.333333333333334,7,14,86.875
BPL,1208106,2020-01-10,2019/20,Cumilla Warriors,Khulna Tigers,0,1,0,-92,126,120,218,120,9,3,51,23,13,41,36,30,30,7,6.300000000000001,1.05,0.425,0.19166666666666668,3,6.833333333333333,6.0,1.8166666666666667,0.10833333333333334,6.0,6.833333333333333,7,11,20.625
BPL,1208107,2020-01-11,2019/20,Chattogram Challengers,Rajshahi Royals,0,0,0,-1,155,120,156,106,5,2,45,31,20,38,36,57,30,5,7.75,1.2916666666666667,0.375,0.29245283018867924,2,6.333333333333334,11.399999999999999,1.471698113207547,0.16666666666666666,11.399999999999999,6.333333333333334,5,14,38.125
BPL,1208107,2020-01-11,2019/20,Rajshahi Royals,Chattogram Challengers,1,1,0,1,156,106,155,120,2,5,31,45,19,60,36,24,16,5,8.830188679245282,1.471698113207547,0.29245283018867924,0.375,5,10.0,9.0,1.2916666666666667,0.1792452830188679,9.0,10.0,5,15,73.125
BPL,1208108,2020-01-11,2019/20,Dhaka Platoon,Khulna Tigers,0,0,0,-2,205,120,207,109,4,2,31,22,23,36,36,76,30,4,10.25,1.7083333333333333,0.25833333333333336,0.2018348623853211,2,6.0,15.2,1.8990825688073394,0.19166666666666668,15.2,6.0,4,13,74.375
BPL,1208108,2020-01-11,2019/20,Khulna Tigers,Dhaka Platoon,1,1,0,2,207,109,205,120,2,4,22,31,28,60,36,39,19,4,11.394495412844037,1.8990825688073394,0.2018348623853211,0.25833333333333336,4,10.0,12.315789473684212,1.7083333333333333,0.25688073394495414,12.315789473684212,10.0,4,14,86.875
BPL,1208109,2020-01-13,2019/20,Dhaka Platoon,Chattogram Challengers,0,0,0,-3,144,120,147,106,8,3,51,38,17,28,36,67,30,9,7.199999999999999,1.2,0.425,0.3584905660377358,3,4.666666666666667,13.4,1.3867924528301887,0.14166666666666666,13.4,4.666666666666667,9,13,74.375
BPL,1208109,2020-01-13,2019/20,Chattogram Challengers,Dhaka Platoon,1,1,0,3,147,106,144,120,3,8,38,51,16,43,36,38,16,9,8.320754716981131,1.3867924528301887,0.3584905660377358,0.425,8,7.166666666666666,14.25,1.2,0.1509433962264151,14.25,7.166666666666666,9,14,38.125
BPL,1208110,2020-01-13,2019/20,Khulna Tigers,Rajshahi Royals,1,0,0,27,158,120,131,120,4,10,46,65,19,32,36,48,30,11,7.9,1.3166666666666667,0.38333333333333336,0.5416666666666666,10,5.333333333333333,9.600000000000001,1.0916666666666666,0.15833333333333333,9.600000000000001,5.333333333333333,11,14,86.875
BPL,1208110,2020-01-13,2019/20,Rajshahi Royals,Khulna Tigers,0,1,0,-27,131,120,158,120,10,4,65,46,20,24,36,61,30,11,6.549999999999999,1.0916666666666666,0.5416666666666666,0.38333333333333336,4,4.0,12.2,1.3166666666666667,0.16666666666666666,12.2,4.0,11,15,73.125
BPL,1208111,2020-01-15,2019/20,Chattogram Challengers,Rajshahi Royals,0,0,1,-1,164,120,165,116,9,8,57,48,22,58,36,36,30,13,8.2,1.3666666666666667,0.475,0.41379310344827586,8,9.666666666666668,7.199999999999999,1.4224137931034482,0.18333333333333332,7.199999999999999,9.666666666666668,13,14,38.125
BPL,1208111,2020-01-15,2019/20,Rajshahi Royals,Chattogram Challengers,1,1,1,1,165,116,164,120,8,9,48,57,21,40,36,76,26,13,8.534482758620689,1.4224137931034482,0.41379310344827586,0.475,9,6.666666666666667,17.538461538461537,1.3666666666666667,0.1810344827586207,17.538461538461537,6.666666666666667,13,15,73.125
BPL,1208112,2020-01-17,2019/20,Rajshahi Royals,Khulna Tigers,1,0,0,21,170,120,149,120,4,8,48,45,23,43,36,70,30,10,8.5,1.4166666666666667,0.4,0.375,8,7.166666666666666,14.0,1.2416666666666667,0.19166666666666668,14.0,7.166666666666666,10,15,73.125
BPL,1208112,2020-01-17,2019/20,Khulna Tigers,Rajshahi Royals,0,1,0,-21,149,120,170,120,8,4,45,48,14,48,36,38,30,10,7.45,1.2416666666666667,0.375,0.4,4,8.0,7.6,1.4166666666666667,0.11666666666666667,7.6,8.0,10,14,86.875
BPL,1296685,2022-01-21,2021/22,Chattogram Challengers,Fortune Barishal,0,0,0,-1,125,120,126,112,8,6,58,46,14,36,36,52,30,9,6.25,1.0416666666666667,0.48333333333333334,0.4107142857142857,6,6.0,10.4,1.125,0.11666666666666667,10.4,6.0,9,12,54.37499999999999
BPL,1296685,2022-01-21,2021/22,Fortune Barishal,Chattogram Challengers,1,1,0,1,126,112,125,120,6,8,46,58,11,28,36,34,22,9,6.75,1.125,0.4107142857142857,0.48333333333333334,8,4.666666666666667,9.272727272727273,1.0416666666666667,0.09821428571428571,9.272727272727273,4.666666666666667,9,11,79.375
BPL,1296686,2022-01-21,2021/22,Minister Group Dhaka,Khulna Tigers,0,0,0,-3,183,120,186,114,6,5,35,31,24,56,36,58,30,8,9.149999999999999,1.525,0.2916666666666667,0.2719298245614035,5,9.333333333333334,11.6,1.631578947368421,0.2,11.6,9.333333333333334,8,9,28.125
BPL,1296686,2022-01-21,2021/22,Khulna Tigers,Minister Group Dhaka,1,1,0,3,186,114,183,120,5,6,31,35,25,65,36,47,24,8,9.789473684210526,1.631578947368421,0.2719298245614035,0.2916666666666667,6,10.833333333333334,11.75,1.525,0.21929824561403508,11.75,10.833333333333334,8,11,46.875
BPL,1296687,2022-01-22,2021/22,Sylhet Sunrisers,Comilla Victorians,0,0,1,-1,96,115,97,112,10,8,64,62,7,34,36,29,25,15,5.0086956521739125,0.8347826086956521,0.5565217391304348,0.5535714285714286,8,5.666666666666666,6.959999999999999,0.8660714285714286,0.06086956521739131,6.959999999999999,5.666666666666666,15,9,0.625
BPL,1296687,2022-01-22,2021/22,Comilla Victorians,Sylhet Sunrisers,1,1,1,1,97,112,96,115,8,10,62,64,9,28,36,13,22,15,5.196428571428571,0.8660714285714286,0.5535714285714286,0.5565217391304348,10,4.666666666666667,3.545454545454546,0.8347826086956521,0.08035714285714286,3.545454545454546,4.666666666666667,15,12,94.375
BPL,1296688,2022-01-22,2021/22,Chattogram Challengers,Minister Group Dhaka,1,0,0,30,161,120,131,119,8,10,50,58,22,50,36,43,30,14,8.049999999999999,1.3416666666666666,0.4166666666666667,0.48739495798319327,10,8.333333333333332,8.6,1.1008403361344539,0.18333333333333332,8.6,8.333333333333332,14,12,54.37499999999999
BPL,1296688,2022-01-22,2021/22,Minister Group Dhaka,Chattogram Challengers,0,1,0,-30,131,119,161,120,10,8,58,50,17,42,36,36,29,14,6.605042016806723,1.1008403361344539,0.48739495798319327,0.4166666666666667,8,7.0,7.448275862068966,1.3416666666666666,0.14285714285714285,7.448275862068966,7.0,14,9,28.125
BPL,1296689,2022-01-24,2021/22,Fortune Barishal,Minister Group Dhaka,0,0,0,-1,129,120,130,105,8,6,54,40,16,24,36,36,30,10,6.449999999999999,1.075,0.45,0.38095238095238093,6,4.0,7.199999999999999,1.2380952380952381,0.13333333333333333,7.199999999999999,4.0,10,11,79.375
BPL,1296689,2022-01-24,2021/22,Minister Group Dhaka,Fortune Barishal,1,1,0,1,130,105,129,120,6,8,40,54,13,41,36,28,15,10,7.428571428571429,1.2380952380952381,0.38095238095238093,0.45,8,6.833333333333333,11.2,1.075,0.12380952380952381,11.2,6.833333333333333,10,9,28.125
BPL,1296690,2022-01-24,2021/22,Chattogram Challengers,Khulna Tigers,1,0,0,25,190,120,165,120,7,10,35,43,22,64,36,62,30,18,9.5,1.5833333333333333,0.2916666666666667,0.35833333333333334,10,10.666666666666666,12.400000000000002,1.375,0.18333333333333332,12.400000000000002,10.666666666666666,18,12,54.37499999999999
BPL,1296690,2022-01-24,2021/22,Khulna Tigers,Chattogram Challengers,0,1,0,-25,165,120,190,120,10,7,43,35,21,45,36,47,30,18,8.25,1.375,0.35833333333333334,0.2916666666666667,7,7.5,9.4,1.5833333333333333,0.175,9.4,7.5,18,11,46.875
BPL,1296691,2022-01-25,2021/22,Minister Group Dhaka,Sylhet Sunrisers,0,0,0,-1,100,112,101,102,10,3,50,48,9,22,36,34,22,9,5.357142857142858,0.8928571428571429,0.44642857142857145,0.47058823529411764,3,3.666666666666667,9.272727272727273,0.9901960784313726,0.08035714285714286,9.272727272727273,3.666666666666667,9,9,28.125
BPL,1296691,2022-01-25,2021/22,Sylhet Sunrisers,Minister Group Dhaka,1,1,0,1,101,102,100,112,3,10,48,50,12,38,36,8,12,9,5.9411764705882355,0.9901960784313726,0.47058823529411764,0.44642857142857145,10,6.333333333333334,4.0,0.8928571428571429,0.11764705882352941,4.0,6.333333333333334,9,9,0.625
BPL,1296692,2022-01-25,2021/22,Comilla Victorians,Fortune Barishal,1,0,0,63,158,120,95,105,7,10,41,46,19,47,36,44,30,15,7.9,1.3166666666666667,0.3416666666666667,0.4380952380952381,10,7.833333333333334,8.799999999999999,0.9047619047619048,0.15833333333333333,8.799999999999999,7.833333333333334,15,12,94.375
BPL,1296692,2022-01-25,2021/22,Fortune Barishal,Comilla Victorians,0,1,0,-63,95,105,158,120,10,7,46,41,9,29,36,21,15,15,5.428571428571429,0.9047619047619048,0.4380952380952381,0.3416666666666667,7,4.833333333333334,8.399999999999999,1.3166666666666667,0.08571428571428572,8.399999999999999,4.833333333333334,15,11,79.375
BPL,1296693,2022-01-28,2021/22,Chattogram Challengers,Khulna Tigers,0,0,0,-1,143,120,144,113,8,4,47,35,17,46,36,44,30,10,7.15,1.1916666666666667,0.39166666666666666,0.30973451327433627,4,7.666666666666666,8.799999999999999,1.2743362831858407,0.14166666666666666,8.799999999999999,7.666666666666666,10,12,54.37499999999999
BPL,1296693,2022-01-28,2021/22,Khulna Tigers,Chattogram Challengers,1,1,0,1,144,113,143,120,4,8,35,47,18,43,36,42,23,10,7.646017699115044,1.2743362831858407,0.30973451327433627,0.39166666666666666,8,7.166666666666666,10.956521739130434,1.1916666666666667,0.1592920353982301,10.956521739130434,7.166666666666666,10,11,46.875
BPL,1296694,2022-01-28,2021/22,Sylhet Sunrisers,Minister Group Dhaka,0,0,0,-2,175,120,177,102,5,1,44,36,25,50,36,51,30,5,8.75,1.4583333333333333,0.36666666666666664,0.35294117647058826,1,8.333333333333332,10.2,1.7352941176470589,0.20833333333333334,10.2,8.333333333333332,5,9,0.625
BPL,1296694,2022-01-28,2021/22,Minister Group Dhaka,Sylhet Sunrisers,1,1,0,2,177,102,175,120,1,5,36,44,29,74,36,20,12,5,10.411764705882353,1.7352941176470589,0.35294117647058826,0.36666666666666664,5,12.333333333333332,10.0,1.4583333333333333,0.28431372549019607,10.0,12.333333333333332,5,9,28.125
BPL,1296695,2022-01-29,2021/22,Fortune Barishal,Khulna Tigers,1,0,0,17,141,120,124,114,9,10,46,41,17,47,36,28,30,14,7.050000000000001,1.175,0.38333333333333336,0.35964912280701755,10,7.833333333333334,5.6,1.087719298245614,0.14166666666666666,5.6,7.833333333333334,14,11,79.375
BPL,1296695,2022-01-29,2021/22,Khulna Tigers,Fortune Barishal,0,1,0,-17,124,114,141,120,10,9,41,46,11,30,36,35,24,14,6.526315789473685,1.087719298245614,0.35964912280701755,0.38333333333333336,9,5.0,8.75,1.175,0.09649122807017543,8.75,5.0,14,11,46.875
BPL,1296696,2022-01-29,2021/22,Chattogram Challengers,Sylhet Sunrisers,1,0,0,16,202,120,186,120,5,6,33,39,27,71,36,71,30,8,10.1,1.6833333333333333,0.275,0.325,6,11.833333333333334,14.2,1.55,0.225,14.2,11.833333333333334,8,12,54.37499999999999
BPL,1296696,2022-01-29,2021/22,Sylhet Sunrisers,Chattogram Challengers,0,1,0,-16,186,120,202,120,6,5,39,33,25,46,36,51,30,8,9.3,1.55,0.325,0.275,5,7.666666666666666,10.2,1.6833333333333333,0.20833333333333334,10.2,7.666666666666666,8,9,0.625
BPL,1296697,2022-01-31,2021/22,Comilla Victorians,Chattogram Challengers,1,0,0,52,183,120,131,105,3,10,28,47,24,52,36,76,30,8,9.149999999999999,1.525,0.23333333333333334,0.44761904761904764,10,8.666666666666666,15.2,1.2476190476190476,0.2,15.2,8.666666666666666,8,12,94.375
BPL,1296697,2022-01-31,2021/22,Chattogram Challengers,Comilla Victorians,0,1,0,-52,131,105,183,120,10,3,47,28,19,50,36,17,15,8,7.485714285714286,1.2476190476190476,0.44761904761904764,0.23333333333333334,3,8.333333333333332,6.8,1.525,0.18095238095238095,6.8,8.333333333333332,8,12,54.37499999999999
BPL,1296698,2022-01-31,2021/22,Fortune Barishal,Khulna Tigers,1,0,1,6,145,113,139,120,10,6,47,60,18,29,36,36,23,14,7.699115044247788,1.2831858407079646,0.415929203539823,0.5,6,4.833333333333334,9.391304347826088,1.1583333333333334,0.1592920353982301,9.391304347826088,4.833333333333334,14,11,79.375
BPL,1296698,2022-01-31,2021/22,Khulna Tigers,Fortune Barishal,0,1,1,-6,139,120,145,113,6,10,60,47,19,22,36,63,30,14,6.950000000000001,1.1583333333333334,0.5,0.415929203539823,10,3.666666666666667,12.600000000000001,1.2831858407079646,0.15833333333333333,12.600000000000001,3.666666666666667,14,11,46.875
BPL,1296699,2022-02-01,2021/22,Minister Group Dhaka,Comilla Victorians,1,0,0,50,181,120,131,105,6,10,32,37,19,47,36,64,30,11,9.05,1.5083333333333333,0.26666666666666666,0.3523809523809524,10,7.833333333333334,12.8,1.2476190476190476,0.15833333333333333,12.8,7.833333333333334,11,9,28.125
BPL,1296699,2022-02-01,2021/22,Comilla Victorians,Minister Group Dhaka,0,1,0,-50,131,105,181,120,10,6,37,32,17,56,36,16,15,11,7.485714285714286,1.2476190476190476,0.3523809523809524,0.26666666666666666,6,9.333333333333334,6.4,1.5083333333333333,0.1619047619047619,6.4,9.333333333333334,11,12,94.375
BPL,1296700,2022-02-01,2021/22,Fortune Barishal,Chattogram Challengers,1,0,0,14,149,115,135,118,10,10,39,53,16,34,36,28,25,11,7.773913043478261,1.2956521739130435,0.3391304347826087,0.4491525423728814,10,5.666666666666666,6.720000000000001,1.1440677966101696,0.1391304347826087,6.720000000000001,5.666666666666666,11,11,79.375
BPL,1296700,2022-02-01,2021/22,Chattogram Challengers,Fortune Barishal,0,1,0,-14,135,118,149,115,10,10,53,39,15,35,36,47,28,11,6.864406779661017,1.1440677966101696,0.4491525423728814,0.3391304347826087,10,5.833333333333333,10.071428571428571,1.2956521739130435,0.1271186440677966,10.071428571428571,5.833333333333333,11,12,54.37499999999999
BPL,1296701,2022-02-03,2021/22,Sylhet Sunrisers,Khulna Tigers,0,0,0,-2,142,120,144,86,5,1,54,30,17,24,36,56,30,5,7.1,1.1833333333333333,0.45,0.3488372093023256,1,4.0,11.2,1.6744186046511629,0.14166666666666666,11.2,4.0,5,9,0.625
BPL,1296701,2022-02-03,2021/22,Khulna Tigers,Sylhet Sunrisers,1,1,0,2,144,86,142,120,1,5,30,54,21,65,36,0,0,5,10.046511627906977,1.6744186046511629,0.3488372093023256,0.45,5,10.833333333333334,,1.1833333333333333,0.2441860465116279,,10.833333333333334,5,11,46.875
BPL,1296702,2022-02-03,2021/22,Chattogram Challengers,Comilla Victorians,0,0,0,-10,138,108,148,99,8,1,38,36,17,55,36,18,18,8,7.666666666666666,1.2777777777777777,0.35185185185185186,0.36363636363636365,1,9.166666666666666,6.0,1.494949494949495,0.1574074074074074,6.0,9.166666666666666,8,12,54.37499999999999
BPL,1296702,2022-02-03,2021/22,Comilla Victorians,Chattogram Challengers,1,1,0,10,148,99,138,108,1,8,36,38,18,46,36,16,9,8,8.96969696969697,1.494949494949495,0.36363636363636365,0.35185185185185186,8,7.666666666666666,10.666666666666666,1.2777777777777777,0.18181818181818182,10.666666666666666,7.666666666666666,8,12,94.375
BPL,1296705,2022-02-07,2021/22,Fortune Barishal,Comilla Victorians,1,0,0,32,155,120,123,120,5,9,38,48,18,53,36,34,30,13,7.75,1.2916666666666667,0.31666666666666665,0.4,9,8.833333333333334,6.8,1.025,0.15,6.8,8.833333333333334,13,11,79.375
BPL,1296705,2022-02-07,2021/22,Comilla Victorians,Fortune Barishal,0,1,0,-32,123,120,155,120,9,5,48,38,14,35,36,42,30,13,6.1499999999999995,1.025,0.4,0.31666666666666665,5,5.833333333333333,8.399999999999999,1.2916666666666667,0.11666666666666667,8.399999999999999,5.833333333333333,13,12,94.375
BPL,1296706,2022-02-07,2021/22,Khulna Tigers,Sylhet Sunrisers,1,0,0,15,182,120,167,120,3,6,32,43,20,46,36,57,30,8,9.1,1.5166666666666666,0.26666666666666666,0.35833333333333334,6,7.666666666666666,11.399999999999999,1.3916666666666666,0.16666666666666666,11.399999999999999,7.666666666666666,8,11,46.875
BPL,1296706,2022-02-07,2021/22,Sylhet Sunrisers,Khulna Tigers,0,1,0,-15,167,120,182,120,6,3,43,32,21,41,36,66,30,8,8.35,1.3916666666666666,0.35833333333333334,0.26666666666666666,3,6.833333333333333,13.200000000000001,1.5166666666666666,0.175,13.200000000000001,6.833333333333333,8,9,0.625
BPL,1296707,2022-02-08,2021/22,Chattogram Challengers,Minister Group Dhaka,1,0,1,3,148,120,145,120,6,6,37,42,16,39,36,57,30,8,7.4,1.2333333333333334,0.30833333333333335,0.35,6,6.5,11.399999999999999,1.2083333333333333,0.13333333333333333,11.399999999999999,6.5,8,12,54.37499999999999
BPL,1296707,2022-02-08,2021/22,Minister Group Dhaka,Chattogram Challengers,0,1,1,-3,145,120,148,120,6,6,42,37,16,28,36,46,30,8,7.25,1.2083333333333333,0.35,0.30833333333333335,6,4.666666666666667,9.200000000000001,1.2333333333333334,0.13333333333333333,9.200000000000001,4.666666666666667,8,9,28.125
BPL,1296708,2022-02-08,2021/22,Fortune Barishal,Sylhet Sunrisers,1,0,0,12,199,120,187,120,4,6,41,46,27,67,36,61,30,6,9.950000000000001,1.6583333333333334,0.3416666666666667,0.38333333333333336,6,11.166666666666668,12.2,1.5583333333333333,0.225,12.2,11.166666666666668,6,11,79.375
BPL,1296708,2022-02-08,2021/22,Sylhet Sunrisers,Fortune Barishal,0,1,0,-12,187,120,199,120,6,4,46,41,30,57,36,56,30,6,9.35,1.5583333333333333,0.38333333333333336,0.3416666666666667,4,9.5,11.2,1.6583333333333334,0.25,11.2,9.5,6,9,0.625
BPL,1296709,2022-02-09,2021/22,Khulna Tigers,Minister Group Dhaka,0,0,0,-2,129,120,131,116,8,5,51,50,14,29,36,46,30,10,6.449999999999999,1.075,0.425,0.43103448275862066,5,4.833333333333334,9.200000000000001,1.1293103448275863,0.11666666666666667,9.200000000000001,4.833333333333334,10,11,46.875
BPL,1296709,2022-02-09,2021/22,Minister Group Dhaka,Khulna Tigers,1,1,0,2,131,116,129,120,5,8,50,51,14,29,36,39,26,10,6.775862068965518,1.1293103448275863,0.43103448275862066,0.425,8,4.833333333333334,9.0,1.075,0.1206896551724138,9.0,4.833333333333334,10,9,28.125
BPL,1296710,2022-02-09,2021/22,Sylhet Sunrisers,Comilla Victorians,0,0,0,-4,169,120,173,119,5,6,39,43,22,52,36,47,30,6,8.450000000000001,1.4083333333333334,0.325,0.36134453781512604,6,8.666666666666666,9.4,1.453781512605042,0.18333333333333332,9.4,8.666666666666666,6,9,0.625
BPL,1296710,2022-02-09,2021/22,Comilla Victorians,Sylhet Sunrisers,1,1,0,4,173,119,169,120,6,5,43,39,23,37,36,63,29,6,8.722689075630251,1.453781512605042,0.36134453781512604,0.325,5,6.166666666666666,13.03448275862069,1.4083333333333334,0.19327731092436976,13.03448275862069,6.166666666666666,6,12,94.375
BPL,1296711,2022-02-11,2021/22,Comilla Victorians,Khulna Tigers,1,0,0,65,188,120,123,117,6,10,42,59,24,52,36,67,30,12,9.4,1.5666666666666667,0.35,0.5042735042735043,10,8.666666666666666,13.4,1.0512820512820513,0.2,13.4,8.666666666666666,12,12,94.375
BPL,1296711,2022-02-11,2021/22,Khulna Tigers,Comilla Victorians,0,1,0,-65,123,117,188,120,10,6,59,42,11,41,36,35,27,12,6.307692307692308,1.0512820512820513,0.5042735042735043,0.35,6,6.833333333333333,7.777777777777778,1.5666666666666667,0.09401709401709402,7.777777777777778,6.833333333333333,12,11,46.875
BPL,1296712,2022-02-11,2021/22,Minister Group Dhaka,Fortune Barishal,0,0,0,-1,128,120,129,93,9,2,56,35,16,38,36,35,30,8,6.4,1.0666666666666667,0.4666666666666667,0.3763440860215054,2,6.333333333333334,7.0,1.3870967741935485,0.13333333333333333,7.0,6.333333333333334,8,9,28.125
BPL,1296712,2022-02-11,2021/22,Fortune Barishal,Minister Group Dhaka,1,1,0,1,129,93,128,120,2,9,35,56,17,32,36,8,3,8,8.322580645161292,1.3870967741935485,0.3763440860215054,0.4666666666666667,9,5.333333333333333,16.0,1.0666666666666667,0.1827956989247312,16.0,5.333333333333333,8,11,79.375
BPL,1296713,2022-02-12,2021/22,Sylhet Sunrisers,Chattogram Challengers,0,0,0,-3,185,120,188,115,6,6,41,35,25,50,36,67,30,11,9.25,1.5416666666666667,0.3416666666666667,0.30434782608695654,6,8.333333333333332,13.4,1.6347826086956523,0.20833333333333334,13.4,8.333333333333332,11,9,0.625
BPL,1296713,2022-02-12,2021/22,Chattogram Challengers,Sylhet Sunrisers,1,1,0,3,188,115,185,120,6,6,35,41,26,60,36,47,25,11,9.808695652173913,1.6347826086956523,0.30434782608695654,0.3416666666666667,6,10.0,11.28,1.5416666666666667,0.22608695652173913,11.28,10.0,11,12,54.37499999999999
BPL,1296714,2022-02-12,2021/22,Comilla Victorians,Khulna Tigers,0,0,0,-1,182,120,183,112,5,1,29,28,22,48,36,56,30,5,9.1,1.5166666666666666,0.24166666666666667,0.25,1,8.0,11.2,1.6339285714285714,0.18333333333333332,11.2,8.0,5,12,94.375
BPL,1296714,2022-02-12,2021/22,Khulna Tigers,Comilla Victorians,1,1,0,1,183,112,182,120,1,5,28,29,22,69,36,34,22,5,9.803571428571429,1.6339285714285714,0.25,0.24166666666666667,5,11.5,9.272727272727273,1.5166666666666666,0.19642857142857142,9.272727272727273,11.5,5,11,46.875
BPL,1296715,2022-02-14,2021/22,Chattogram Challengers,Khulna Tigers,1,0,1,7,189,120,182,120,5,5,39,38,26,39,36,58,30,6,9.45,1.575,0.325,0.31666666666666665,5,6.5,11.6,1.5166666666666666,0.21666666666666667,11.6,6.5,6,12,54.37499999999999
BPL,1296715,2022-02-14,2021/22,Khulna Tigers,Chattogram Challengers,0,1,1,-7,182,120,189,120,5,5,38,39,21,58,36,52,30,6,9.1,1.5166666666666666,0.31666666666666665,0.325,5,9.666666666666668,10.4,1.575,0.175,10.4,9.666666666666668,6,11,46.875
BPL,1296716,2022-02-14,2021/22,Fortune Barishal,Comilla Victorians,1,0,1,10,143,120,133,120,8,7,54,47,17,57,36,33,30,11,7.15,1.1916666666666667,0.45,0.39166666666666666,7,9.5,6.6000000000000005,1.1083333333333334,0.14166666666666666,6.6000000000000005,9.5,11,11,79.375
BPL,1296716,2022-02-14,2021/22,Comilla Victorians,Fortune Barishal,0,1,1,-10,133,120,143,120,7,8,47,54,13,38,36,35,30,11,6.65,1.1083333333333334,0.39166666666666666,0.45,8,6.333333333333334,7.0,1.1916666666666667,0.10833333333333334,7.0,6.333333333333334,11,12,94.375
BPL,1296717,2022-02-16,2021/22,Chattogram Challengers,Comilla Victorians,0,0,0,-1,148,115,149,77,10,3,49,25,20,43,36,34,25,9,7.721739130434782,1.2869565217391303,0.4260869565217391,0.3246753246753247,3,7.166666666666666,8.16,1.9350649350649352,0.17391304347826086,8.16,7.166666666666666,9,12,54.37499999999999
BPL,1296717,2022-02-16,2021/22,Comilla Victorians,Chattogram Challengers,1,1,0,1,149,77,148,115,3,10,25,49,23,84,36,0,0,9,11.61038961038961,1.9350649350649352,0.3246753246753247,0.4260869565217391,10,14.0,,1.2869565217391303,0.2987012987012987,,14.0,9,12,94.375
BPL,1296718,2022-02-18,2021/22,Comilla Victorians,Fortune Barishal,1,0,1,1,151,120,150,120,9,8,47,50,18,73,36,37,30,13,7.55,1.2583333333333333,0.39166666666666666,0.4166666666666667,8,12.166666666666666,7.4,1.25,0.15,7.4,12.166666666666666,13,12,94.375
BPL,1296718,2022-02-18,2021/22,Fortune Barishal,Comilla Victorians,0,1,1,-1,150,120,151,120,8,9,50,47,18,51,36,32,30,13,7.5,1.25,0.4166666666666667,0.39166666666666666,9,8.5,6.4,1.2583333333333333,0.15,6.4,8.5,13,11,79.375
BPL,1351052,2023-01-06,2022/23,Chattogram Challengers,Sylhet Strikers,0,0,0,-1,89,120,90,75,9,2,63,30,7,21,36,20,30,10,4.45,0.7416666666666667,0.525,0.4,2,3.5,4.0,1.2,0.058333333333333334,4.0,3.5,10,12,1.875
BPL,1351052,2023-01-06,2022/23,Sylhet Strikers,Chattogram Challengers,1,1,0,1,90,75,89,120,2,9,30,63,8,41,36,0,0,10,7.199999999999999,1.2,0.4,0.525,9,6.833333333333333,,0.7416666666666667,0.10666666666666667,,6.833333333333333,10,15,89.375
BPL,1351053,2023-01-06,2022/23,Rangpur Riders,Comilla Victorians,1,0,0,34,176,120,142,115,5,10,35,50,22,64,36,42,30,12,8.799999999999999,1.4666666666666666,0.2916666666666667,0.43478260869565216,10,10.666666666666666,8.399999999999999,1.2347826086956522,0.18333333333333332,8.399999999999999,10.666666666666666,12,14,76.875
BPL,1351053,2023-01-06,2022/23,Comilla Victorians,Rangpur Riders,0,1,0,-34,142,115,176,120,10,5,50,35,17,51,36,23,25,12,7.408695652173913,1.2347826086956522,0.43478260869565216,0.2916666666666667,5,8.5,5.5200000000000005,1.4666666666666666,0.14782608695652175,5.5200000000000005,8.5,12,14,81.875
BPL,1351054,2023-01-07,2022/23,Khulna Tigers,Dhaka Dominators,0,0,0,-4,113,120,117,115,8,5,59,53,13,32,36,33,30,8,5.65,0.9416666666666667,0.49166666666666664,0.4608695652173913,5,5.333333333333333,6.6000000000000005,1.017391304347826,0.10833333333333334,6.6000000000000005,5.333333333333333,8,12,9.375
BPL,1351054,2023-01-07,2022/23,Dhaka Dominators,Khulna Tigers,1,1,0,4,117,115,113,120,5,8,53,59,12,30,36,32,25,8,6.104347826086956,1.017391304347826,0.4608695652173913,0.49166666666666664,8,5.0,7.68,0.9416666666666667,0.10434782608695652,7.68,5.0,8,12,39.375
BPL,1351055,2023-01-07,2022/23,Fortune Barishal,Sylhet Strikers,0,0,0,-2,194,120,196,114,7,4,41,31,27,54,36,55,30,10,9.7,1.6166666666666667,0.3416666666666667,0.2719298245614035,4,9.0,11.0,1.719298245614035,0.225,11.0,9.0,10,13,60.62499999999999
BPL,1351055,2023-01-07,2022/23,Sylhet Strikers,Fortune Barishal,1,1,0,2,196,114,194,120,4,7,31,41,28,54,36,51,24,10,10.31578947368421,1.719298245614035,0.2719298245614035,0.3416666666666667,7,9.0,12.75,1.6166666666666667,0.24561403508771928,12.75,9.0,10,15,89.375
BPL,1351056,2023-01-09,2022/23,Comilla Victorians,Sylhet Strikers,0,0,0,-1,149,120,150,106,6,5,38,40,16,47,36,43,30,9,7.45,1.2416666666666667,0.31666666666666665,0.37735849056603776,5,7.833333333333334,8.6,1.4150943396226414,0.13333333333333333,8.6,7.833333333333334,9,14,81.875
BPL,1351056,2023-01-09,2022/23,Sylhet Strikers,Comilla Victorians,1,1,0,1,150,106,149,120,5,6,40,38,18,52,36,21,16,9,8.49056603773585,1.4150943396226414,0.37735849056603776,0.31666666666666665,6,8.666666666666666,7.875,1.2416666666666667,0.16981132075471697,7.875,8.666666666666666,9,15,89.375
BPL,1351057,2023-01-09,2022/23,Khulna Tigers,Chattogram Challengers,0,0,0,-1,178,120,179,116,5,1,47,36,26,39,36,61,30,3,8.9,1.4833333333333334,0.39166666666666666,0.3103448275862069,1,6.5,12.2,1.543103448275862,0.21666666666666667,12.2,6.5,3,12,9.375
BPL,1351057,2023-01-09,2022/23,Chattogram Challengers,Khulna Tigers,1,1,0,1,179,116,178,120,1,5,36,47,23,50,36,38,26,3,9.258620689655173,1.543103448275862,0.3103448275862069,0.39166666666666666,5,8.333333333333332,8.769230769230768,1.4833333333333334,0.19827586206896552,8.769230769230768,8.333333333333332,3,12,1.875
BPL,1351058,2023-01-10,2022/23,Rangpur Riders,Fortune Barishal,0,0,0,-4,158,120,162,116,7,4,45,33,17,48,36,41,30,7,7.9,1.3166666666666667,0.375,0.28448275862068967,4,8.0,8.2,1.396551724137931,0.14166666666666666,8.2,8.0,7,14,76.875
BPL,1351058,2023-01-10,2022/23,Fortune Barishal,Rangpur Riders,1,1,0,4,162,116,158,120,4,7,33,45,18,53,36,39,26,7,8.379310344827587,1.396551724137931,0.28448275862068967,0.375,7,8.833333333333334,9.0,1.3166666666666667,0.15517241379310345,9.0,8.833333333333334,7,13,60.62499999999999
BPL,1351059,2023-01-10,2022/23,Sylhet Strikers,Dhaka Dominators,1,0,0,62,201,120,139,117,8,9,39,52,26,50,36,62,30,16,10.05,1.675,0.325,0.4444444444444444,9,8.333333333333332,12.400000000000002,1.188034188034188,0.21666666666666667,12.400000000000002,8.333333333333332,16,15,89.375
BPL,1351059,2023-01-10,2022/23,Dhaka Dominators,Sylhet Strikers,0,1,0,-62,139,117,201,120,9,8,52,39,15,39,36,24,27,16,7.128205128205128,1.188034188034188,0.4444444444444444,0.325,8,6.5,5.333333333333333,1.675,0.1282051282051282,5.333333333333333,6.5,16,12,39.375
BPL,1351060,2023-01-13,2022/23,Fortune Barishal,Chattogram Challengers,1,0,0,26,202,120,176,120,7,4,39,43,31,59,36,63,30,9,10.1,1.6833333333333333,0.325,0.35833333333333334,4,9.833333333333332,12.600000000000001,1.4666666666666666,0.25833333333333336,12.600000000000001,9.833333333333332,9,13,60.62499999999999
BPL,1351060,2023-01-13,2022/23,Chattogram Challengers,Fortune Barishal,0,1,0,-26,176,120,202,120,4,7,43,39,22,57,36,67,30,9,8.799999999999999,1.4666666666666666,0.35833333333333334,0.325,7,9.5,13.4,1.6833333333333333,0.18333333333333332,13.4,9.5,9,12,1.875
BPL,1351061,2023-01-13,2022/23,Khulna Tigers,Rangpur Riders,0,0,0,-1,130,118,131,117,10,6,50,52,13,24,36,35,28,10,6.610169491525424,1.1016949152542372,0.423728813559322,0.4444444444444444,6,4.0,7.5,1.1196581196581197,0.11016949152542373,7.5,4.0,10,12,9.375
BPL,1351061,2023-01-13,2022/23,Rangpur Riders,Khulna Tigers,1,1,0,1,131,117,130,118,6,10,52,50,17,40,36,46,27,10,6.717948717948718,1.1196581196581197,0.4444444444444444,0.423728813559322,10,6.666666666666667,10.222222222222221,1.1016949152542372,0.1452991452991453,10.222222222222221,6.666666666666667,10,14,76.875
BPL,1351062,2023-01-14,2022/23,Fortune Barishal,Comilla Victorians,1,0,0,12,177,120,165,120,6,7,37,40,23,50,36,52,30,10,8.850000000000001,1.475,0.30833333333333335,0.3333333333333333,7,8.333333333333332,10.4,1.375,0.19166666666666668,10.4,8.333333333333332,10,13,60.62499999999999
BPL,1351062,2023-01-14,2022/23,Comilla Victorians,Fortune Barishal,0,1,0,-12,165,120,177,120,7,6,40,37,19,49,36,47,30,10,8.25,1.375,0.3333333333333333,0.30833333333333335,6,8.166666666666668,9.4,1.475,0.15833333333333333,9.4,8.166666666666668,10,14,81.875
BPL,1351063,2023-01-14,2022/23,Dhaka Dominators,Chattogram Challengers,0,0,0,-1,158,120,159,106,6,2,44,29,18,36,36,49,30,6,7.9,1.3166666666666667,0.36666666666666664,0.27358490566037735,2,6.0,9.8,1.5,0.15,9.8,6.0,6,12,39.375
BPL,1351063,2023-01-14,2022/23,Chattogram Challengers,Dhaka Dominators,1,1,0,1,159,106,158,120,2,6,29,44,18,50,36,46,16,6,9.0,1.5,0.27358490566037735,0.36666666666666664,6,8.333333333333332,17.25,1.3166666666666667,0.16981132075471697,17.25,8.333333333333332,6,12,1.875
BPL,1351064,2023-01-16,2022/23,Dhaka Dominators,Sylhet Strikers,0,0,0,-6,128,120,134,116,7,5,45,51,13,32,36,49,30,7,6.4,1.0666666666666667,0.375,0.4396551724137931,5,5.333333333333333,9.8,1.1551724137931034,0.10833333333333334,9.8,5.333333333333333,7,12,39.375
BPL,1351064,2023-01-16,2022/23,Sylhet Strikers,Dhaka Dominators,1,1,0,6,134,116,128,120,5,7,51,45,15,35,36,44,26,7,6.931034482758621,1.1551724137931034,0.4396551724137931,0.375,7,5.833333333333333,10.153846153846153,1.0666666666666667,0.12931034482758622,10.153846153846153,5.833333333333333,7,15,89.375
BPL,1351065,2023-01-16,2022/23,Chattogram Challengers,Comilla Victorians,0,0,0,-2,135,120,137,105,8,4,49,46,17,45,36,53,30,3,6.75,1.125,0.4083333333333333,0.4380952380952381,4,7.5,10.6,1.3047619047619048,0.14166666666666666,10.6,7.5,3,12,1.875
BPL,1351065,2023-01-16,2022/23,Comilla Victorians,Chattogram Challengers,1,1,0,2,137,105,135,120,4,8,46,49,16,56,36,24,15,3,7.828571428571429,1.3047619047619048,0.4380952380952381,0.4083333333333333,8,9.333333333333334,9.600000000000001,1.125,0.1523809523809524,9.600000000000001,9.333333333333334,3,14,81.875
BPL,1351066,2023-01-17,2022/23,Rangpur Riders,Khulna Tigers,0,0,0,-1,129,120,130,110,10,1,56,37,13,35,36,34,30,9,6.449999999999999,1.075,0.4666666666666667,0.33636363636363636,1,5.833333333333333,6.8,1.1818181818181819,0.10833333333333334,6.8,5.833333333333333,9,14,76.875
BPL,1351066,2023-01-17,2022/23,Khulna Tigers,Rangpur Riders,1,1,0,1,130,110,129,120,1,10,37,56,12,41,36,28,20,9,7.090909090909092,1.1818181818181819,0.33636363636363636,0.4666666666666667,10,6.833333333333333,8.399999999999999,1.075,0.10909090909090909,8.399999999999999,6.833333333333333,9,12,9.375
BPL,1351067,2023-01-17,2022/23,Sylhet Strikers,Comilla Victorians,0,0,0,-1,133,120,134,114,7,5,46,51,15,35,36,41,30,9,6.65,1.1083333333333334,0.38333333333333336,0.4473684210526316,5,5.833333333333333,8.2,1.1754385964912282,0.125,8.2,5.833333333333333,9,15,89.375
BPL,1351067,2023-01-17,2022/23,Comilla Victorians,Sylhet Strikers,1,1,0,1,134,114,133,120,5,7,51,46,16,49,36,22,24,9,7.052631578947369,1.1754385964912282,0.4473684210526316,0.38333333333333336,7,8.166666666666668,5.5,1.1083333333333334,0.14035087719298245,5.5,8.166666666666668,9,14,81.875
BPL,1351068,2023-01-19,2022/23,Comilla Victorians,Dhaka Dominators,1,0,0,33,184,120,151,120,4,4,35,44,22,42,36,84,30,7,9.200000000000001,1.5333333333333334,0.2916666666666667,0.36666666666666664,4,7.0,16.799999999999997,1.2583333333333333,0.18333333333333332,16.799999999999997,7.0,7,14,81.875
BPL,1351068,2023-01-19,2022/23,Dhaka Dominators,Comilla Victorians,0,1,0,-33,151,120,184,120,4,4,44,35,19,34,36,58,30,7,7.55,1.2583333333333333,0.36666666666666664,0.2916666666666667,4,5.666666666666666,11.6,1.5333333333333334,0.15833333333333333,11.6,5.666666666666666,7,12,39.375
BPL,1351069,2023-01-19,2022/23,Fortune Barishal,Rangpur Riders,1,0,0,67,238,120,171,120,4,9,36,49,35,46,36,101,30,12,11.9,1.9833333333333334,0.3,0.4083333333333333,9,7.666666666666666,20.2,1.425,0.2916666666666667,20.2,7.666666666666666,12,13,60.62499999999999
BPL,1351069,2023-01-19,2022/23,Rangpur Riders,Fortune Barishal,0,1,0,-67,171,120,238,120,9,4,49,36,25,38,36,53,30,12,8.55,1.425,0.4083333333333333,0.3,4,6.333333333333334,10.6,1.9833333333333334,0.20833333333333334,10.6,6.333333333333334,12,14,76.875
BPL,1351070,2023-01-20,2022/23,Chattogram Challengers,Khulna Tigers,0,0,0,-2,157,120,159,116,9,3,46,36,18,54,36,46,30,9,7.85,1.3083333333333333,0.38333333333333336,0.3103448275862069,3,9.0,9.200000000000001,1.3706896551724137,0.15,9.200000000000001,9.0,9,12,1.875
BPL,1351070,2023-01-20,2022/23,Khulna Tigers,Chattogram Challengers,1,1,0,2,159,116,157,120,3,9,36,46,19,37,36,46,26,9,8.224137931034482,1.3706896551724137,0.3103448275862069,0.38333333333333336,9,6.166666666666666,10.615384615384615,1.3083333333333333,0.16379310344827586,10.615384615384615,6.166666666666666,9,12,9.375
BPL,1351071,2023-01-20,2022/23,Fortune Barishal,Dhaka Dominators,1,0,0,13,173,120,160,120,5,4,36,42,23,45,36,53,30,6,8.65,1.4416666666666667,0.3,0.35,4,7.5,10.6,1.3333333333333333,0.19166666666666668,10.6,7.5,6,13,60.62499999999999
BPL,1351071,2023-01-20,2022/23,Dhaka Dominators,Fortune Barishal,0,1,0,-13,160,120,173,120,4,5,42,36,17,49,36,51,30,6,8.0,1.3333333333333333,0.35,0.3,5,8.166666666666668,10.2,1.4416666666666667,0.14166666666666666,10.2,8.166666666666668,6,12,39.375
BPL,1351072,2023-01-23,2022/23,Rangpur Riders,Chattogram Challengers,1,0,0,55,179,120,124,99,6,9,43,46,24,36,36,54,30,14,8.95,1.4916666666666667,0.35833333333333334,0.46464646464646464,9,6.0,10.8,1.2525252525252526,0.2,10.8,6.0,14,14,76.875
BPL,1351072,2023-01-23,2022/23,Chattogram Challengers,Rangpur Riders,0,1,0,-55,124,99,179,120,9,6,46,43,17,46,36,4,9,14,7.515151515151516,1.2525252525252526,0.46464646464646464,0.35833333333333334,6,7.666666666666666,2.6666666666666665,1.4916666666666667,0.1717171717171717,2.6666666666666665,7.666666666666666,14,12,1.875
BPL,1351073,2023-01-23,2022/23,Comilla Victorians,Dhaka Dominators,1,0,0,60,164,120,104,120,6,9,42,59,18,35,36,55,30,11,8.2,1.3666666666666667,0.35,0.49166666666666664,9,5.833333333333333,11.0,0.8666666666666667,0.15,11.0,5.833333333333333,11,14,81.875
BPL,1351073,2023-01-23,2022/23,Dhaka Dominators,Comilla Victorians,0,1,0,-60,104,120,164,120,9,6,59,42,9,20,36,28,30,11,5.2,0.8666666666666667,0.49166666666666664,0.35,6,3.3333333333333335,5.6,1.3666666666666667,0.075,5.6,3.3333333333333335,11,12,39.375
BPL,1351074,2023-01-24,2022/23,Sylhet Strikers,Fortune Barishal,1,0,1,2,173,120,171,120,6,8,36,53,23,41,36,63,30,8,8.65,1.4416666666666667,0.3,0.44166666666666665,8,6.833333333333333,12.600000000000001,1.425,0.19166666666666668,12.600000000000001,6.833333333333333,8,15,89.375
BPL,1351074,2023-01-24,2022/23,Fortune Barishal,Sylhet Strikers,0,1,1,-2,171,120,173,120,8,6,53,36,23,44,36,60,30,8,8.55,1.425,0.44166666666666665,0.3,6,7.333333333333334,12.0,1.4416666666666667,0.19166666666666668,12.0,7.333333333333334,8,13,60.62499999999999
BPL,1351075,2023-01-24,2022/23,Dhaka Dominators,Khulna Tigers,1,0,0,24,108,118,84,93,10,10,62,54,11,25,36,23,28,14,5.491525423728813,0.9152542372881356,0.5254237288135594,0.5806451612903226,10,4.166666666666666,4.928571428571429,0.9032258064516129,0.09322033898305085,4.928571428571429,4.166666666666666,14,12,39.375
BPL,1351075,2023-01-24,2022/23,Khulna Tigers,Dhaka Dominators,0,1,0,-24,84,93,108,118,10,10,54,62,12,39,36,0,3,14,5.419354838709677,0.9032258064516129,0.5806451612903226,0.5254237288135594,10,6.5,0.0,0.9152542372881356,0.12903225806451613,0.0,6.5,14,12,9.375
BPL,1351076,2023-01-27,2022/23,Sylhet Strikers,Rangpur Riders,0,0,0,-1,92,120,93,94,9,4,76,45,10,16,36,28,30,10,4.6000000000000005,0.7666666666666667,0.6333333333333333,0.4787234042553192,4,2.6666666666666665,5.6,0.9893617021276596,0.08333333333333333,5.6,2.6666666666666665,10,15,89.375
BPL,1351076,2023-01-27,2022/23,Rangpur Riders,Sylhet Strikers,1,1,0,1,93,94,92,120,4,9,45,76,10,28,36,6,4,10,5.9361702127659575,0.9893617021276596,0.4787234042553192,0.6333333333333333,9,4.666666666666667,9.0,0.7666666666666667,0.10638297872340426,9.0,4.666666666666667,10,14,76.875
BPL,1351077,2023-01-27,2022/23,Chattogram Challengers,Fortune Barishal,0,0,1,-3,168,120,171,116,6,7,45,46,22,43,36,60,30,9,8.399999999999999,1.4,0.375,0.39655172413793105,7,7.166666666666666,12.0,1.4741379310344827,0.18333333333333332,12.0,7.166666666666666,9,12,1.875
BPL,1351077,2023-01-27,2022/23,Fortune Barishal,Chattogram Challengers,1,1,1,3,171,116,168,120,7,6,46,45,23,67,36,56,26,9,8.844827586206897,1.4741379310344827,0.39655172413793105,0.375,6,11.166666666666668,12.923076923076923,1.4,0.19827586206896552,12.923076923076923,11.166666666666668,9,13,60.62499999999999
BPL,1351078,2023-01-28,2022/23,Comilla Victorians,Khulna Tigers,1,0,1,4,165,120,161,120,2,6,42,44,20,33,36,51,30,7,8.25,1.375,0.35,0.36666666666666664,6,5.5,10.2,1.3416666666666666,0.16666666666666666,10.2,5.5,7,14,81.875
BPL,1351078,2023-01-28,2022/23,Khulna Tigers,Comilla Victorians,0,1,1,-4,161,120,165,120,6,2,44,42,22,43,36,44,30,7,8.049999999999999,1.3416666666666666,0.36666666666666664,0.35,2,7.166666666666666,8.799999999999999,1.375,0.18333333333333332,8.799999999999999,7.166666666666666,7,12,9.375
BPL,1351079,2023-01-28,2022/23,Chattogram Challengers,Sylhet Strikers,0,0,0,-3,174,120,177,108,6,3,41,34,23,43,36,53,30,6,8.7,1.45,0.3416666666666667,0.3148148148148148,3,7.166666666666666,10.6,1.6388888888888888,0.19166666666666668,10.6,7.166666666666666,6,12,1.875
BPL,1351079,2023-01-28,2022/23,Sylhet Strikers,Chattogram Challengers,1,1,0,3,177,108,174,120,3,6,34,41,26,55,36,31,18,6,9.833333333333332,1.6388888888888888,0.3148148148148148,0.3416666666666667,6,9.166666666666666,10.333333333333334,1.45,0.24074074074074073,10.333333333333334,9.166666666666666,6,15,89.375
BPL,1351080,2023-01-30,2022/23,Dhaka Dominators,Rangpur Riders,0,0,0,-2,144,120,146,114,5,5,52,49,20,30,36,57,30,4,7.199999999999999,1.2,0.43333333333333335,0.4298245614035088,5,5.0,11.399999999999999,1.280701754385965,0.16666666666666666,11.399999999999999,5.0,4,12,39.375
BPL,1351080,2023-01-30,2022/23,Rangpur Riders,Dhaka Dominators,1,1,0,2,146,114,144,120,5,5,49,52,21,48,36,35,24,4,7.684210526315789,1.280701754385965,0.4298245614035088,0.43333333333333335,5,8.0,8.75,1.2,0.18421052631578946,8.75,8.0,4,14,76.875
BPL,1351081,2023-01-30,2022/23,Sylhet Strikers,Khulna Tigers,1,0,0,31,192,120,161,120,4,9,31,41,22,42,36,55,30,7,9.600000000000001,1.6,0.25833333333333336,0.3416666666666667,9,7.0,11.0,1.3416666666666666,0.18333333333333332,11.0,7.0,7,15,89.375
BPL,1351081,2023-01-30,2022/23,Khulna Tigers,Sylhet Strikers,0,1,0,-31,161,120,192,120,9,4,41,31,20,40,36,37,30,7,8.049999999999999,1.3416666666666666,0.3416666666666667,0.25833333333333336,4,6.666666666666667,7.4,1.6,0.16666666666666666,7.4,6.666666666666667,7,12,9.375
BPL,1351082,2023-01-31,2022/23,Fortune Barishal,Dhaka Dominators,0,0,0,-1,156,120,157,113,8,5,49,52,22,41,36,56,30,11,7.800000000000001,1.3,0.4083333333333333,0.46017699115044247,5,6.833333333333333,11.2,1.3893805309734513,0.18333333333333332,11.2,6.833333333333333,11,13,60.62499999999999
BPL,1351082,2023-01-31,2022/23,Dhaka Dominators,Fortune Barishal,1,1,0,1,157,113,156,120,5,8,52,49,24,55,36,33,23,11,8.336283185840708,1.3893805309734513,0.46017699115044247,0.4083333333333333,8,9.166666666666666,8.608695652173912,1.3,0.21238938053097345,8.608695652173912,9.166666666666666,11,12,39.375
BPL,1351083,2023-01-31,2022/23,Khulna Tigers,Comilla Victorians,0,0,0,-3,210,120,213,110,2,4,38,34,29,37,36,60,30,4,10.5,1.75,0.31666666666666665,0.3090909090909091,4,6.166666666666666,12.0,1.9363636363636363,0.24166666666666667,12.0,6.166666666666666,4,12,9.375
BPL,1351083,2023-01-31,2022/23,Comilla Victorians,Khulna Tigers,1,1,0,3,213,110,210,120,4,2,34,38,32,53,36,43,20,4,11.618181818181817,1.9363636363636363,0.3090909090909091,0.31666666666666665,2,8.833333333333334,12.899999999999999,1.75,0.2909090909090909,12.899999999999999,8.833333333333334,4,14,81.875
BPL,1351084,2023-02-03,2022/23,Fortune Barishal,Khulna Tigers,1,0,0,37,194,120,157,120,5,8,39,46,25,62,36,79,30,10,9.7,1.6166666666666667,0.325,0.38333333333333336,8,10.333333333333334,15.8,1.3083333333333333,0.20833333333333334,15.8,10.333333333333334,10,13,60.62499999999999
BPL,1351084,2023-02-03,2022/23,Khulna Tigers,Fortune Barishal,0,1,0,-37,157,120,194,120,8,5,46,39,20,47,36,53,30,10,7.85,1.3083333333333333,0.38333333333333336,0.325,5,7.833333333333334,10.6,1.6166666666666667,0.16666666666666666,10.6,7.833333333333334,10,12,9.375
BPL,1351085,2023-02-03,2022/23,Dhaka Dominators,Rangpur Riders,0,0,1,-3,130,120,133,117,8,8,59,57,12,41,36,45,30,13,6.5,1.0833333333333333,0.49166666666666664,0.48717948717948717,8,6.833333333333333,9.0,1.1367521367521367,0.1,9.0,6.833333333333333,13,12,39.375
BPL,1351085,2023-02-03,2022/23,Rangpur Riders,Dhaka Dominators,1,1,1,3,133,117,130,120,8,8,57,59,17,42,36,23,27,13,6.82051282051282,1.1367521367521367,0.48717948717948717,0.49166666666666664,8,7.0,5.111111111111111,1.0833333333333333,0.1452991452991453,5.111111111111111,7.0,13,14,76.875
BPL,1351086,2023-02-04,2022/23,Chattogram Challengers,Comilla Victorians,0,0,0,-1,156,120,157,114,7,4,45,37,20,30,36,45,30,10,7.800000000000001,1.3,0.375,0.32456140350877194,4,5.0,9.0,1.3771929824561404,0.16666666666666666,9.0,5.0,10,12,1.875
BPL,1351086,2023-02-04,2022/23,Comilla Victorians,Chattogram Challengers,1,1,0,1,157,114,156,120,4,7,37,45,18,42,36,34,24,10,8.263157894736842,1.3771929824561404,0.32456140350877194,0.375,7,7.0,8.5,1.3,0.15789473684210525,8.5,7.0,10,14,81.875
BPL,1351087,2023-02-04,2022/23,Sylhet Strikers,Rangpur Riders,0,0,0,-6,170,120,176,108,2,2,51,28,26,26,36,60,30,2,8.5,1.4166666666666667,0.425,0.25925925925925924,2,4.333333333333333,12.0,1.6296296296296295,0.21666666666666667,12.0,4.333333333333333,2,15,89.375
BPL,1351087,2023-02-04,2022/23,Rangpur Riders,Sylhet Strikers,1,1,0,6,176,108,170,120,2,2,28,51,23,59,36,30,18,2,9.777777777777777,1.6296296296296295,0.25925925925925924,0.425,2,9.833333333333332,10.0,1.4166666666666667,0.21296296296296297,10.0,9.833333333333332,2,14,76.875
BPL,1351088,2023-02-07,2022/23,Chattogram Challengers,Dhaka Dominators,1,0,0,15,118,120,103,120,8,9,58,57,10,20,36,43,30,13,5.8999999999999995,0.9833333333333333,0.48333333333333334,0.475,9,3.3333333333333335,8.6,0.8583333333333333,0.08333333333333333,8.6,3.3333333333333335,13,12,1.875
BPL,1351088,2023-02-07,2022/23,Dhaka Dominators,Chattogram Challengers,0,1,0,-15,103,120,118,120,9,8,57,58,7,37,36,18,30,13,5.1499999999999995,0.8583333333333333,0.475,0.48333333333333334,8,6.166666666666666,3.5999999999999996,0.9833333333333333,0.058333333333333334,3.5999999999999996,6.166666666666666,13,12,39.375
BPL,1351089,2023-02-07,2022/23,Fortune Barishal,Comilla Victorians,0,0,0,-1,121,115,122,111,10,5,52,57,13,34,36,19,25,11,6.3130434782608695,1.0521739130434782,0.45217391304347826,0.5135135135135135,5,5.666666666666666,4.5600000000000005,1.0990990990990992,0.11304347826086956,4.5600000000000005,5.666666666666666,11,13,60.62499999999999
BPL,1351089,2023-02-07,2022/23,Comilla Victorians,Fortune Barishal,1,1,0,1,122,111,121,115,5,10,57,52,17,41,36,47,21,11,6.594594594594595,1.0990990990990992,0.5135135135135135,0.45217391304347826,10,6.833333333333333,13.428571428571429,1.0521739130434782,0.15315315315315314,13.428571428571429,6.833333333333333,11,14,81.875
BPL,1351090,2023-02-08,2022/23,Khulna Tigers,Sylhet Strikers,0,0,0,-1,113,120,114,105,8,4,58,42,12,31,36,41,30,9,5.65,0.9416666666666667,0.48333333333333334,0.4,4,5.166666666666667,8.2,1.0857142857142856,0.1,8.2,5.166666666666667,9,12,9.375
BPL,1351090,2023-02-08,2022/23,Sylhet Strikers,Khulna Tigers,1,1,0,1,114,105,113,120,4,8,42,58,13,31,36,19,15,9,6.514285714285714,1.0857142857142856,0.4,0.48333333333333334,8,5.166666666666667,7.6,0.9416666666666667,0.12380952380952381,7.6,5.166666666666667,9,15,89.375
BPL,1351091,2023-02-08,2022/23,Chattogram Challengers,Rangpur Riders,0,0,0,-3,132,120,135,96,8,3,60,45,17,39,36,32,30,9,6.6000000000000005,1.1,0.5,0.46875,3,6.5,6.4,1.40625,0.14166666666666666,6.4,6.5,9,12,1.875
BPL,1351091,2023-02-08,2022/23,Rangpur Riders,Chattogram Challengers,1,1,0,3,135,96,132,120,3,8,45,60,21,44,36,13,6,9,8.4375,1.40625,0.46875,0.5,8,7.333333333333334,13.0,1.1,0.21875,13.0,7.333333333333334,9,14,76.875
BPL,1351092,2023-02-10,2022/23,Comilla Victorians,Rangpur Riders,1,0,0,70,177,120,107,102,5,10,39,54,20,63,36,60,30,11,8.850000000000001,1.475,0.325,0.5294117647058824,10,10.5,12.0,1.0490196078431373,0.16666666666666666,12.0,10.5,11,14,81.875
BPL,1351092,2023-02-10,2022/23,Rangpur Riders,Comilla Victorians,0,1,0,-70,107,102,177,120,10,5,54,39,14,37,36,6,12,11,6.294117647058824,1.0490196078431373,0.5294117647058824,0.325,5,6.166666666666666,3.0,1.475,0.13725490196078433,3.0,6.166666666666666,11,14,76.875
BPL,1351093,2023-02-10,2022/23,Fortune Barishal,Khulna Tigers,0,0,0,-3,169,120,172,117,8,4,46,32,22,35,36,47,30,8,8.450000000000001,1.4083333333333334,0.38333333333333336,0.27350427350427353,4,5.833333333333333,9.4,1.4700854700854702,0.18333333333333332,9.4,5.833333333333333,8,13,60.62499999999999
BPL,1351093,2023-02-10,2022/23,Khulna Tigers,Fortune Barishal,1,1,0,3,172,117,169,120,4,8,32,46,16,38,36,65,27,8,8.820512820512821,1.4700854700854702,0.27350427350427353,0.38333333333333336,8,6.333333333333334,14.444444444444445,1.4083333333333334,0.13675213675213677,14.444444444444445,6.333333333333334,8,12,9.375
BPL,1351094,2023-02-12,2022/23,Fortune Barishal,Rangpur Riders,0,0,0,-2,170,120,172,117,3,6,37,38,22,46,36,44,30,7,8.5,1.4166666666666667,0.30833333333333335,0.3247863247863248,6,7.666666666666666,8.799999999999999,1.4700854700854702,0.18333333333333332,8.799999999999999,7.666666666666666,7,13,60.62499999999999
BPL,1351094,2023-02-12,2022/23,Rangpur Riders,Fortune Barishal,1,1,0,2,172,117,170,120,6,3,38,37,20,55,36,48,27,7,8.820512820512821,1.4700854700854702,0.3247863247863248,0.30833333333333335,3,9.166666666666666,10.666666666666666,1.4166666666666667,0.17094017094017094,10.666666666666666,9.166666666666666,7,14,76.875
BPL,1351095,2023-02-12,2022/23,Sylhet Strikers,Comilla Victorians,0,0,0,-5,125,103,130,100,10,6,44,45,16,43,36,8,13,13,7.281553398058252,1.2135922330097086,0.42718446601941745,0.45,6,7.166666666666666,3.6923076923076925,1.3,0.1553398058252427,3.6923076923076925,7.166666666666666,13,15,89.375
BPL,1351095,2023-02-12,2022/23,Comilla Victorians,Sylhet Strikers,1,1,0,5,130,100,125,103,6,10,45,44,17,58,36,18,10,13,7.800000000000001,1.3,0.45,0.42718446601941745,10,9.666666666666668,10.8,1.2135922330097086,0.17,10.8,9.666666666666668,13,14,81.875
BPL,1351096,2023-02-14,2022/23,Sylhet Strikers,Rangpur Riders,1,0,0,19,182,120,163,120,7,8,34,48,22,44,36,48,30,12,9.1,1.5166666666666666,0.2833333333333333,0.4,8,7.333333333333334,9.600000000000001,1.3583333333333334,0.18333333333333332,9.600000000000001,7.333333333333334,12,15,89.375
BPL,1351096,2023-02-14,2022/23,Rangpur Riders,Sylhet Strikers,0,1,0,-19,163,120,182,120,8,7,48,34,22,37,36,26,30,12,8.15,1.3583333333333334,0.4,0.2833333333333333,7,6.166666666666666,5.2,1.5166666666666666,0.18333333333333332,5.2,6.166666666666666,12,14,76.875
BPL,1351097,2023-02-16,2022/23,Sylhet Strikers,Comilla Victorians,0,0,0,-1,175,120,176,116,7,3,38,37,21,42,36,50,30,7,8.75,1.4583333333333333,0.31666666666666665,0.31896551724137934,3,7.0,10.0,1.5172413793103448,0.175,10.0,7.0,7,15,89.375
BPL,1351097,2023-02-16,2022/23,Comilla Victorians,Sylhet Strikers,1,1,0,1,176,116,175,120,3,7,37,38,25,49,36,57,26,7,9.103448275862068,1.5172413793103448,0.31896551724137934,0.31666666666666665,7,8.166666666666668,13.153846153846155,1.4583333333333333,0.21551724137931033,13.153846153846155,8.166666666666668,7,14,81.875
BPL,1412274,2024-01-19,2023/24,Comilla Victorians,Durdanto Dhaka,0,0,0,-4,143,120,147,117,6,5,46,42,15,44,36,37,30,10,7.15,1.1916666666666667,0.38333333333333336,0.358974358974359,5,7.333333333333334,7.4,1.2564102564102564,0.125,7.4,7.333333333333334,10,14,93.125
BPL,1412274,2024-01-19,2023/24,Durdanto Dhaka,Comilla Victorians,1,1,0,4,147,117,143,120,5,6,42,46,15,56,36,38,27,10,7.538461538461538,1.2564102564102564,0.358974358974359,0.38333333333333336,6,9.333333333333334,8.444444444444445,1.1916666666666667,0.1282051282051282,8.444444444444445,9.333333333333334,10,12,4.375
BPL,1412275,2024-01-19,2023/24,Sylhet Strikers,Chattogram Challengers,0,0,0,-3,177,120,180,111,2,3,36,40,23,47,36,52,30,4,8.850000000000001,1.475,0.3,0.36036036036036034,3,7.833333333333334,10.4,1.6216216216216217,0.19166666666666668,10.4,7.833333333333334,4,11,5.625
BPL,1412275,2024-01-19,2023/24,Chattogram Challengers,Sylhet Strikers,1,1,0,3,180,111,177,120,3,2,40,36,25,56,36,52,21,4,9.72972972972973,1.6216216216216217,0.36036036036036034,0.3,2,9.333333333333334,14.857142857142858,1.475,0.22522522522522523,14.857142857142858,9.333333333333334,4,13,35.625
BPL,1412276,2024-01-20,2023/24,Rangpur Riders,Fortune Barishal,0,0,0,-4,134,120,138,115,9,5,52,46,12,37,36,39,30,9,6.7,1.1166666666666667,0.43333333333333335,0.4,5,6.166666666666666,7.800000000000001,1.2,0.1,7.800000000000001,6.166666666666666,9,13,98.125
BPL,1412276,2024-01-20,2023/24,Fortune Barishal,Rangpur Riders,1,1,0,4,138,115,134,120,5,9,46,52,16,51,36,36,25,9,7.199999999999999,1.2,0.4,0.43333333333333335,9,8.5,8.64,1.1166666666666667,0.1391304347826087,8.64,8.5,9,15,83.125
BPL,1412277,2024-01-20,2023/24,Chattogram Challengers,Khulna Tigers,0,0,0,-1,121,119,122,110,10,6,52,43,13,42,36,35,29,8,6.100840336134453,1.0168067226890756,0.4369747899159664,0.39090909090909093,6,7.0,7.241379310344827,1.1090909090909091,0.1092436974789916,7.241379310344827,7.0,8,13,35.625
BPL,1412277,2024-01-20,2023/24,Khulna Tigers,Chattogram Challengers,1,1,0,1,122,110,121,119,6,10,43,52,10,35,36,26,20,8,6.654545454545454,1.1090909090909091,0.39090909090909093,0.4369747899159664,10,5.833333333333333,7.800000000000001,1.0168067226890756,0.09090909090909091,7.800000000000001,5.833333333333333,8,12,30.625000000000004
BPL,1412278,2024-01-22,2023/24,Durdanto Dhaka,Chattogram Challengers,0,0,0,-1,136,120,137,110,9,4,49,52,13,25,36,38,30,10,6.8,1.1333333333333333,0.4083333333333333,0.4727272727272727,4,4.166666666666666,7.6,1.2454545454545454,0.10833333333333334,7.6,4.166666666666666,10,12,4.375
BPL,1412278,2024-01-22,2023/24,Chattogram Challengers,Durdanto Dhaka,1,1,0,1,137,110,136,120,4,9,52,49,16,54,36,34,20,10,7.472727272727273,1.2454545454545454,0.4727272727272727,0.4083333333333333,9,9.0,10.2,1.1333333333333333,0.14545454545454545,10.2,9.0,10,13,35.625
BPL,1412279,2024-01-22,2023/24,Fortune Barishal,Khulna Tigers,0,0,0,-1,187,120,188,108,4,2,43,29,23,44,36,61,30,6,9.35,1.5583333333333333,0.35833333333333334,0.26851851851851855,2,7.333333333333334,12.2,1.7407407407407407,0.19166666666666668,12.2,7.333333333333334,6,15,83.125
BPL,1412279,2024-01-22,2023/24,Khulna Tigers,Fortune Barishal,1,1,0,1,188,108,187,120,2,4,29,43,25,87,36,36,18,6,10.444444444444445,1.7407407407407407,0.26851851851851855,0.35833333333333334,4,14.5,12.0,1.5583333333333333,0.23148148148148148,12.0,14.5,6,12,30.625000000000004
BPL,1412281,2024-01-23,2023/24,Fortune Barishal,Comilla Victorians,0,0,0,-1,161,120,162,119,9,6,44,48,22,44,36,41,30,14,8.049999999999999,1.3416666666666666,0.36666666666666664,0.40336134453781514,6,7.333333333333334,8.2,1.361344537815126,0.18333333333333332,8.2,7.333333333333334,14,15,83.125
BPL,1412281,2024-01-23,2023/24,Comilla Victorians,Fortune Barishal,1,1,0,1,162,119,161,120,6,9,48,44,19,38,36,55,29,14,8.168067226890756,1.361344537815126,0.40336134453781514,0.36666666666666664,9,6.333333333333334,11.379310344827587,1.3416666666666666,0.15966386554621848,11.379310344827587,6.333333333333334,14,14,93.125
BPL,1412282,2024-01-26,2023/24,Khulna Tigers,Rangpur Riders,1,0,0,28,160,120,132,112,6,10,52,44,21,41,36,66,30,13,8.0,1.3333333333333333,0.43333333333333335,0.39285714285714285,10,6.833333333333333,13.200000000000001,1.1785714285714286,0.175,13.200000000000001,6.833333333333333,13,12,30.625000000000004
BPL,1412282,2024-01-26,2023/24,Rangpur Riders,Khulna Tigers,0,1,0,-28,132,112,160,120,10,6,44,52,16,21,36,49,22,13,7.071428571428571,1.1785714285714286,0.39285714285714285,0.43333333333333335,6,3.5,13.363636363636363,1.3333333333333333,0.14285714285714285,13.363636363636363,3.5,13,13,98.125
BPL,1412283,2024-01-26,2023/24,Comilla Victorians,Sylhet Strikers,1,0,0,52,130,120,78,98,8,10,49,53,12,53,36,35,30,12,6.5,1.0833333333333333,0.4083333333333333,0.5408163265306123,10,8.833333333333334,7.0,0.7959183673469388,0.1,7.0,8.833333333333334,12,14,93.125
BPL,1412283,2024-01-26,2023/24,Sylhet Strikers,Comilla Victorians,0,1,0,-52,78,98,130,120,10,8,53,49,8,26,36,4,8,12,4.775510204081632,0.7959183673469388,0.5408163265306123,0.4083333333333333,8,4.333333333333333,3.0,1.0833333333333333,0.08163265306122448,3.0,4.333333333333333,12,11,5.625
BPL,1412284,2024-01-27,2023/24,Chattogram Challengers,Fortune Barishal,1,0,1,10,193,120,183,120,4,7,36,40,26,50,36,84,30,8,9.65,1.6083333333333334,0.3,0.3333333333333333,7,8.333333333333332,16.799999999999997,1.525,0.21666666666666667,16.799999999999997,8.333333333333332,8,13,35.625
BPL,1412284,2024-01-27,2023/24,Fortune Barishal,Chattogram Challengers,0,1,1,-10,183,120,193,120,7,4,40,36,24,60,36,59,30,8,9.149999999999999,1.525,0.3333333333333333,0.3,4,10.0,11.799999999999999,1.6083333333333334,0.2,11.799999999999999,10.0,8,15,83.125
BPL,1412285,2024-01-27,2023/24,Rangpur Riders,Durdanto Dhaka,1,0,0,79,183,120,104,99,8,9,35,50,21,47,36,66,30,14,9.149999999999999,1.525,0.2916666666666667,0.5050505050505051,9,7.833333333333334,13.200000000000001,1.0505050505050506,0.175,13.200000000000001,7.833333333333334,14,13,98.125
BPL,1412285,2024-01-27,2023/24,Durdanto Dhaka,Rangpur Riders,0,1,0,-79,104,99,183,120,9,8,50,35,14,32,36,4,9,14,6.303030303030304,1.0505050505050506,0.5050505050505051,0.2916666666666667,8,5.333333333333333,2.6666666666666665,1.525,0.1414141414141414,2.6666666666666665,5.333333333333333,14,12,4.375
BPL,1412286,2024-01-29,2023/24,Sylhet Strikers,Chattogram Challengers,0,0,0,-1,137,120,138,106,4,2,43,30,15,35,36,41,30,3,6.85,1.1416666666666666,0.35833333333333334,0.2830188679245283,2,5.833333333333333,8.2,1.3018867924528301,0.125,8.2,5.833333333333333,3,11,5.625
BPL,1412286,2024-01-29,2023/24,Chattogram Challengers,Sylhet Strikers,1,1,0,1,138,106,137,120,2,4,30,43,14,47,36,22,16,3,7.811320754716981,1.3018867924528301,0.2830188679245283,0.35833333333333334,4,7.833333333333334,8.25,1.1416666666666666,0.1320754716981132,8.25,7.833333333333334,3,13,35.625
BPL,1412287,2024-01-29,2023/24,Durdanto Dhaka,Khulna Tigers,0,0,0,-1,130,120,131,88,9,1,53,30,13,39,36,28,30,8,6.5,1.0833333333333333,0.44166666666666665,0.3409090909090909,1,6.5,5.6,1.4886363636363635,0.10833333333333334,5.6,6.5,8,12,4.375
BPL,1412287,2024-01-29,2023/24,Khulna Tigers,Durdanto Dhaka,1,1,0,1,131,88,130,120,1,9,30,53,15,66,36,0,0,8,8.931818181818182,1.4886363636363635,0.3409090909090909,0.44166666666666665,9,11.0,,1.0833333333333333,0.17045454545454544,,11.0,8,12,30.625000000000004
BPL,1412288,2024-01-30,2023/24,Rangpur Riders,Comilla Victorians,1,0,1,8,165,120,157,120,5,6,40,41,20,47,36,68,30,9,8.25,1.375,0.3333333333333333,0.3416666666666667,6,7.833333333333334,13.6,1.3083333333333333,0.16666666666666666,13.6,7.833333333333334,9,13,98.125
BPL,1412288,2024-01-30,2023/24,Comilla Victorians,Rangpur Riders,0,1,1,-8,157,120,165,120,6,5,41,40,17,36,36,53,30,9,7.85,1.3083333333333333,0.3416666666666667,0.3333333333333333,5,6.0,10.6,1.375,0.14166666666666666,10.6,6.0,9,14,93.125
BPL,1412289,2024-01-30,2023/24,Fortune Barishal,Sylhet Strikers,1,0,0,49,186,120,137,105,5,10,37,41,27,47,36,63,30,10,9.3,1.55,0.30833333333333335,0.3904761904761905,10,7.833333333333334,12.600000000000001,1.3047619047619048,0.225,12.600000000000001,7.833333333333334,10,15,83.125
BPL,1412289,2024-01-30,2023/24,Sylhet Strikers,Fortune Barishal,0,1,0,-49,137,105,186,120,10,5,41,37,16,44,36,24,15,10,7.828571428571429,1.3047619047619048,0.3904761904761905,0.30833333333333335,5,7.333333333333334,9.600000000000001,1.55,0.1523809523809524,9.600000000000001,7.333333333333334,10,11,5.625
BPL,1412290,2024-02-02,2023/24,Sylhet Strikers,Durdanto Dhaka,1,0,0,15,142,120,127,120,8,9,55,56,16,23,36,50,30,7,7.1,1.1833333333333333,0.4583333333333333,0.4666666666666667,9,3.833333333333333,10.0,1.0583333333333333,0.13333333333333333,10.0,3.833333333333333,7,11,5.625
BPL,1412290,2024-02-02,2023/24,Durdanto Dhaka,Sylhet Strikers,0,1,0,-15,127,120,142,120,9,8,56,55,16,39,36,44,30,7,6.35,1.0583333333333333,0.4666666666666667,0.4583333333333333,8,6.5,8.799999999999999,1.1833333333333333,0.13333333333333333,8.799999999999999,6.5,7,12,4.375
BPL,1412291,2024-02-02,2023/24,Chattogram Challengers,Comilla Victorians,0,0,0,-1,72,99,73,56,10,3,64,29,10,35,36,2,9,12,4.363636363636363,0.7272727272727273,0.6464646464646465,0.5178571428571429,3,5.833333333333333,1.3333333333333333,1.3035714285714286,0.10101010101010101,1.3333333333333333,5.833333333333333,12,13,35.625
BPL,1412291,2024-02-02,2023/24,Comilla Victorians,Chattogram Challengers,1,1,0,1,73,56,72,99,3,10,29,64,9,48,36,0,0,12,7.821428571428571,1.3035714285714286,0.5178571428571429,0.6464646464646465,10,8.0,,0.7272727272727273,0.16071428571428573,,8.0,12,14,93.125
BPL,1412292,2024-02-03,2023/24,Khulna Tigers,Fortune Barishal,0,0,0,-1,155,120,156,118,8,5,49,47,18,42,36,70,30,11,7.75,1.2916666666666667,0.4083333333333333,0.3983050847457627,5,7.0,14.0,1.3220338983050848,0.15,14.0,7.0,11,12,30.625000000000004
BPL,1412292,2024-02-03,2023/24,Fortune Barishal,Khulna Tigers,1,1,0,1,156,118,155,120,5,8,47,49,18,35,36,56,28,11,7.932203389830509,1.3220338983050848,0.3983050847457627,0.4083333333333333,8,5.833333333333333,12.0,1.2916666666666667,0.15254237288135594,12.0,5.833333333333333,11,15,83.125
BPL,1412293,2024-02-03,2023/24,Rangpur Riders,Sylhet Strikers,1,0,0,77,162,120,85,101,7,10,38,60,18,46,36,60,30,12,8.100000000000001,1.35,0.31666666666666665,0.594059405940594,10,7.666666666666666,12.0,0.8415841584158416,0.15,12.0,7.666666666666666,12,13,98.125
BPL,1412293,2024-02-03,2023/24,Sylhet Strikers,Rangpur Riders,0,1,0,-77,85,101,162,120,10,7,60,38,10,23,36,9,11,12,5.0495049504950495,0.8415841584158416,0.594059405940594,0.31666666666666665,7,3.833333333333333,4.909090909090909,1.35,0.09900990099009901,4.909090909090909,3.833333333333333,12,11,5.625
BPL,1412294,2024-02-06,2023/24,Rangpur Riders,Durdanto Dhaka,1,0,0,60,175,120,115,108,4,10,37,54,21,50,36,49,30,12,8.75,1.4583333333333333,0.30833333333333335,0.5,10,8.333333333333332,9.8,1.0648148148148149,0.175,9.8,8.333333333333332,12,13,98.125
BPL,1412294,2024-02-06,2023/24,Durdanto Dhaka,Rangpur Riders,0,1,0,-60,115,108,175,120,10,4,54,37,14,32,36,21,18,12,6.388888888888889,1.0648148148148149,0.5,0.30833333333333335,4,5.333333333333333,7.0,1.4583333333333333,0.12962962962962962,7.0,5.333333333333333,12,12,4.375
BPL,1412295,2024-02-06,2023/24,Chattogram Challengers,Fortune Barishal,1,0,0,16,145,120,129,120,5,8,54,58,17,43,36,36,30,8,7.25,1.2083333333333333,0.45,0.48333333333333334,8,7.166666666666666,7.199999999999999,1.075,0.14166666666666666,7.199999999999999,7.166666666666666,8,13,35.625
BPL,1412295,2024-02-06,2023/24,Fortune Barishal,Chattogram Challengers,0,1,0,-16,129,120,145,120,8,5,58,54,15,29,36,39,30,8,6.449999999999999,1.075,0.48333333333333334,0.45,5,4.833333333333334,7.800000000000001,1.2083333333333333,0.125,7.800000000000001,4.833333333333334,8,15,83.125
BPL,1412296,2024-02-07,2023/24,Comilla Victorians,Khulna Tigers,1,0,0,34,149,120,115,113,7,10,48,68,16,46,36,52,30,13,7.45,1.2416666666666667,0.4,0.6017699115044248,10,7.666666666666666,10.4,1.0176991150442478,0.13333333333333333,10.4,7.666666666666666,13,14,93.125
BPL,1412296,2024-02-07,2023/24,Khulna Tigers,Comilla Victorians,0,1,0,-34,115,113,149,120,10,7,68,48,17,32,36,36,23,13,6.106194690265487,1.0176991150442478,0.6017699115044248,0.4,7,5.333333333333333,9.391304347826088,1.2416666666666667,0.1504424778761062,9.391304347826088,5.333333333333333,13,12,30.625000000000004
BPL,1412297,2024-02-07,2023/24,Durdanto Dhaka,Sylhet Strikers,0,0,0,-5,124,120,129,114,8,5,53,50,13,52,36,22,30,9,6.200000000000001,1.0333333333333334,0.44166666666666665,0.43859649122807015,5,8.666666666666666,4.3999999999999995,1.131578947368421,0.10833333333333334,4.3999999999999995,8.666666666666666,9,12,4.375
BPL,1412297,2024-02-07,2023/24,Sylhet Strikers,Durdanto Dhaka,1,1,0,5,129,114,124,120,5,8,50,53,17,42,36,29,24,9,6.789473684210526,1.131578947368421,0.43859649122807015,0.44166666666666665,8,7.0,7.25,1.0333333333333334,0.14912280701754385,7.25,7.0,9,11,5.625
BPL,1412298,2024-02-09,2023/24,Khulna Tigers,Sylhet Strikers,0,0,0,-6,153,120,159,114,3,5,49,45,20,46,36,67,30,7,7.6499999999999995,1.275,0.4083333333333333,0.39473684210526316,5,7.666666666666666,13.4,1.394736842105263,0.16666666666666666,13.4,7.666666666666666,7,12,30.625000000000004
BPL,1412298,2024-02-09,2023/24,Sylhet Strikers,Khulna Tigers,1,1,0,6,159,114,153,120,5,3,45,49,21,41,36,51,24,7,8.368421052631579,1.394736842105263,0.39473684210526316,0.4083333333333333,3,6.833333333333333,12.75,1.275,0.18421052631578946,12.75,6.833333333333333,7,11,5.625
BPL,1412299,2024-02-09,2023/24,Durdanto Dhaka,Comilla Victorians,0,0,0,-1,175,120,176,119,4,6,38,46,25,55,36,47,30,9,8.75,1.4583333333333333,0.31666666666666665,0.3865546218487395,6,9.166666666666666,9.4,1.4789915966386555,0.20833333333333334,9.4,9.166666666666666,9,12,4.375
BPL,1412299,2024-02-09,2023/24,Comilla Victorians,Durdanto Dhaka,1,1,0,1,176,119,175,120,6,4,46,38,24,54,36,48,29,9,8.873949579831933,1.4789915966386555,0.3865546218487395,0.31666666666666665,4,9.0,9.931034482758621,1.4583333333333333,0.20168067226890757,9.931034482758621,9.0,9,14,93.125
BPL,1412300,2024-02-10,2023/24,Rangpur Riders,Chattogram Challengers,1,0,0,53,211,120,158,120,3,6,37,48,27,52,36,75,30,8,10.55,1.7583333333333333,0.30833333333333335,0.4,6,8.666666666666666,15.0,1.3166666666666667,0.225,15.0,8.666666666666666,8,13,98.125
BPL,1412300,2024-02-10,2023/24,Chattogram Challengers,Rangpur Riders,0,1,0,-53,158,120,211,120,6,3,48,37,19,32,36,61,30,8,7.9,1.3166666666666667,0.4,0.30833333333333335,3,5.333333333333333,12.2,1.7583333333333333,0.15833333333333333,12.2,5.333333333333333,8,13,35.625
BPL,1412301,2024-02-10,2023/24,Fortune Barishal,Durdanto Dhaka,1,0,0,40,189,120,149,118,4,10,42,60,27,46,36,57,30,11,9.45,1.575,0.35,0.5084745762711864,10,7.666666666666666,11.399999999999999,1.2627118644067796,0.225,11.399999999999999,7.666666666666666,11,15,83.125
BPL,1412301,2024-02-10,2023/24,Durdanto Dhaka,Fortune Barishal,0,1,0,-40,149,118,189,120,10,4,60,42,21,41,36,53,28,11,7.576271186440678,1.2627118644067796,0.5084745762711864,0.35,4,6.833333333333333,11.357142857142858,1.575,0.17796610169491525,11.357142857142858,6.833333333333333,11,12,4.375
BPL,1412302,2024-02-13,2023/24,Comilla Victorians,Chattogram Challengers,1,0,0,73,239,120,166,99,3,10,30,36,35,62,36,82,30,11,11.95,1.9916666666666667,0.25,0.36363636363636365,10,10.333333333333334,16.4,1.6767676767676767,0.2916666666666667,16.4,10.333333333333334,11,14,93.125
BPL,1412302,2024-02-13,2023/24,Chattogram Challengers,Comilla Victorians,0,1,0,-73,166,99,239,120,10,3,36,30,26,61,36,7,9,11,10.06060606060606,1.6767676767676767,0.36363636363636365,0.25,3,10.166666666666666,4.666666666666667,1.9916666666666667,0.26262626262626265,4.666666666666667,10.166666666666666,11,13,35.625
BPL,1412303,2024-02-13,2023/24,Rangpur Riders,Khulna Tigers,1,0,0,78,219,120,141,110,5,10,41,57,31,69,36,51,30,7,10.95,1.825,0.3416666666666667,0.5181818181818182,10,11.5,10.2,1.2818181818181817,0.25833333333333336,10.2,11.5,7,13,98.125
BPL,1412303,2024-02-13,2023/24,Khulna Tigers,Rangpur Riders,0,1,0,-78,141,110,219,120,10,5,57,41,21,46,36,19,20,7,7.6909090909090905,1.2818181818181817,0.5181818181818182,0.3416666666666667,5,7.666666666666666,5.699999999999999,1.825,0.19090909090909092,5.699999999999999,7.666666666666666,7,12,30.625000000000004
BPL,1412304,2024-02-14,2023/24,Fortune Barishal,Durdanto Dhaka,1,0,0,27,186,120,159,120,6,8,47,51,26,54,36,45,30,14,9.3,1.55,0.39166666666666666,0.425,8,9.0,9.0,1.325,0.21666666666666667,9.0,9.0,14,15,83.125
BPL,1412304,2024-02-14,2023/24,Durdanto Dhaka,Fortune Barishal,0,1,0,-27,159,120,186,120,8,6,51,47,20,41,36,60,30,14,7.949999999999999,1.325,0.425,0.39166666666666666,6,6.833333333333333,12.0,1.55,0.16666666666666666,12.0,6.833333333333333,14,12,4.375
BPL,1412305,2024-02-14,2023/24,Khulna Tigers,Comilla Victorians,0,0,0,-4,164,120,168,99,8,3,46,39,20,52,36,51,30,10,8.2,1.3666666666666667,0.38333333333333336,0.3939393939393939,3,8.666666666666666,10.2,1.696969696969697,0.16666666666666666,10.2,8.666666666666666,10,12,30.625000000000004
BPL,1412305,2024-02-14,2023/24,Comilla Victorians,Khulna Tigers,1,1,0,4,168,99,164,120,3,8,39,46,24,60,36,13,9,10,10.181818181818182,1.696969696969697,0.3939393939393939,0.38333333333333336,8,10.0,8.666666666666666,1.3666666666666667,0.24242424242424243,8.666666666666666,10.0,10,14,93.125
BPL,1412306,2024-02-16,2023/24,Durdanto Dhaka,Khulna Tigers,0,0,0,-3,128,120,131,92,7,5,53,40,13,27,36,42,30,8,6.4,1.0666666666666667,0.44166666666666665,0.43478260869565216,5,4.5,8.399999999999999,1.423913043478261,0.10833333333333334,8.399999999999999,4.5,8,12,4.375
BPL,1412306,2024-02-16,2023/24,Khulna Tigers,Durdanto Dhaka,1,1,0,3,131,92,128,120,5,7,40,53,18,41,36,4,2,8,8.543478260869566,1.423913043478261,0.43478260869565216,0.44166666666666665,7,6.833333333333333,12.0,1.0666666666666667,0.1956521739130435,12.0,6.833333333333333,8,12,30.625000000000004
BPL,1412307,2024-02-16,2023/24,Rangpur Riders,Chattogram Challengers,1,0,0,18,187,120,169,120,8,6,39,53,21,40,36,68,30,7,9.35,1.5583333333333333,0.325,0.44166666666666665,6,6.666666666666667,13.6,1.4083333333333334,0.175,13.6,6.666666666666667,7,13,98.125
BPL,1412307,2024-02-16,2023/24,Chattogram Challengers,Rangpur Riders,0,1,0,-18,169,120,187,120,6,8,53,39,23,39,36,65,30,7,8.450000000000001,1.4083333333333334,0.44166666666666665,0.325,8,6.5,13.0,1.5583333333333333,0.19166666666666668,13.0,6.5,7,13,35.625
BPL,1412308,2024-02-17,2023/24,Fortune Barishal,Sylhet Strikers,1,0,0,18,183,120,165,120,6,8,36,53,23,46,36,42,30,11,9.149999999999999,1.525,0.3,0.44166666666666665,8,7.666666666666666,8.399999999999999,1.375,0.19166666666666668,8.399999999999999,7.666666666666666,11,15,83.125
BPL,1412308,2024-02-17,2023/24,Sylhet Strikers,Fortune Barishal,0,1,0,-18,165,120,183,120,8,6,53,36,21,29,36,65,30,11,8.25,1.375,0.44166666666666665,0.3,6,4.833333333333334,13.0,1.525,0.175,13.0,4.833333333333334,11,11,5.625
BPL,1412309,2024-02-17,2023/24,Chattogram Challengers,Durdanto Dhaka,1,0,1,10,159,120,149,120,6,5,47,50,16,40,36,40,30,11,7.949999999999999,1.325,0.39166666666666666,0.4166666666666667,5,6.666666666666667,8.0,1.2416666666666667,0.13333333333333333,8.0,6.666666666666667,11,13,35.625
BPL,1412309,2024-02-17,2023/24,Durdanto Dhaka,Chattogram Challengers,0,1,1,-10,149,120,159,120,5,6,50,47,18,25,36,56,30,11,7.45,1.2416666666666667,0.4166666666666667,0.39166666666666666,6,4.166666666666666,11.2,1.325,0.15,11.2,4.166666666666666,11,12,4.375
BPL,1412310,2024-02-19,2023/24,Sylhet Strikers,Comilla Victorians,1,0,0,12,177,120,165,120,5,6,42,43,23,41,36,69,30,6,8.850000000000001,1.475,0.35,0.35833333333333334,6,6.833333333333333,13.799999999999999,1.375,0.19166666666666668,13.799999999999999,6.833333333333333,6,11,5.625
BPL,1412310,2024-02-19,2023/24,Comilla Victorians,Sylhet Strikers,0,1,0,-12,165,120,177,120,6,5,43,42,17,39,36,48,30,6,8.25,1.375,0.35833333333333334,0.35,5,6.5,9.600000000000001,1.475,0.14166666666666666,9.600000000000001,6.5,6,14,93.125
BPL,1412311,2024-02-19,2023/24,Fortune Barishal,Rangpur Riders,0,0,1,-4,151,120,155,117,9,9,52,54,21,51,36,26,30,13,7.55,1.2583333333333333,0.43333333333333335,0.46153846153846156,9,8.5,5.2,1.3247863247863247,0.175,5.2,8.5,13,15,83.125
BPL,1412311,2024-02-19,2023/24,Rangpur Riders,Fortune Barishal,1,1,1,4,155,117,151,120,9,9,54,52,21,74,36,25,27,13,7.948717948717949,1.3247863247863247,0.46153846153846156,0.43333333333333335,9,12.333333333333332,5.555555555555555,1.2583333333333333,0.1794871794871795,5.555555555555555,12.333333333333332,13,13,98.125
BPL,1412312,2024-02-20,2023/24,Chattogram Challengers,Khulna Tigers,1,0,0,65,192,120,127,119,4,10,37,54,26,49,36,61,30,12,9.600000000000001,1.6,0.30833333333333335,0.453781512605042,10,8.166666666666668,12.2,1.0672268907563025,0.21666666666666667,12.2,8.166666666666668,12,13,35.625
BPL,1412312,2024-02-20,2023/24,Khulna Tigers,Chattogram Challengers,0,1,0,-65,127,119,192,120,10,4,54,37,15,47,36,15,29,12,6.4033613445378155,1.0672268907563025,0.453781512605042,0.30833333333333335,4,7.833333333333334,3.1034482758620694,1.6,0.12605042016806722,3.1034482758620694,7.833333333333334,12,12,30.625000000000004
BPL,1412313,2024-02-20,2023/24,Rangpur Riders,Comilla Victorians,0,0,0,-1,150,119,151,106,10,4,47,40,21,47,36,48,29,14,7.563025210084033,1.2605042016806722,0.3949579831932773,0.37735849056603776,4,7.833333333333334,9.931034482758621,1.4245283018867925,0.17647058823529413,9.931034482758621,7.833333333333334,14,13,98.125
BPL,1412313,2024-02-20,2023/24,Comilla Victorians,Rangpur Riders,1,1,0,1,151,106,150,119,4,10,40,47,21,39,36,44,16,14,8.547169811320755,1.4245283018867925,0.37735849056603776,0.3949579831932773,10,6.5,16.5,1.2605042016806722,0.19811320754716982,16.5,6.5,14,14,93.125
BPL,1412314,2024-02-23,2023/24,Comilla Victorians,Fortune Barishal,0,0,0,-1,140,120,141,118,8,4,57,55,18,37,36,54,30,9,7.0,1.1666666666666667,0.475,0.4661016949152542,4,6.166666666666666,10.8,1.194915254237288,0.15,10.8,6.166666666666666,9,14,93.125
BPL,1412314,2024-02-23,2023/24,Fortune Barishal,Comilla Victorians,1,1,0,1,141,118,140,120,4,8,55,57,16,34,36,33,28,9,7.169491525423728,1.194915254237288,0.4661016949152542,0.475,8,5.666666666666666,7.071428571428571,1.1666666666666667,0.13559322033898305,7.071428571428571,5.666666666666666,9,15,83.125
BPL,1412315,2024-02-23,2023/24,Khulna Tigers,Sylhet Strikers,0,0,0,-2,128,120,130,108,8,4,56,44,15,41,36,27,30,7,6.4,1.0666666666666667,0.4666666666666667,0.4074074074074074,4,6.833333333333333,5.4,1.2037037037037037,0.125,5.4,6.833333333333333,7,12,30.625000000000004
BPL,1412315,2024-02-23,2023/24,Sylhet Strikers,Khulna Tigers,1,1,0,2,130,108,128,120,4,8,44,56,13,40,36,26,18,7,7.222222222222222,1.2037037037037037,0.4074074074074074,0.4666666666666667,8,6.666666666666667,8.666666666666666,1.0666666666666667,0.12037037037037036,8.666666666666666,6.666666666666667,7,11,5.625
BPL,1412316,2024-02-26,2023/24,Chattogram Challengers,Fortune Barishal,0,0,0,-1,135,120,136,89,9,3,54,34,16,40,36,25,30,10,6.75,1.125,0.45,0.38202247191011235,3,6.666666666666667,5.0,1.5280898876404494,0.13333333333333333,5.0,6.666666666666667,10,13,35.625
BPL,1412316,2024-02-26,2023/24,Fortune Barishal,Chattogram Challengers,1,1,0,1,136,89,135,120,3,9,34,54,19,73,36,0,0,10,9.168539325842696,1.5280898876404494,0.38202247191011235,0.45,9,12.166666666666666,,1.125,0.21348314606741572,,12.166666666666666,10,15,83.125
BPL,1412317,2024-02-26,2023/24,Rangpur Riders,Comilla Victorians,0,0,0,-1,185,120,186,111,6,4,47,38,27,35,36,71,30,10,9.25,1.5416666666666667,0.39166666666666666,0.34234234234234234,4,5.833333333333333,14.2,1.6756756756756757,0.225,14.2,5.833333333333333,10,13,98.125
BPL,1412317,2024-02-26,2023/24,Comilla Victorians,Rangpur Riders,1,1,0,1,186,111,185,120,4,6,38,47,26,61,36,43,21,10,10.054054054054054,1.6756756756756757,0.34234234234234234,0.39166666666666666,6,10.166666666666666,12.285714285714285,1.5416666666666667,0.23423423423423423,12.285714285714285,10.166666666666666,10,14,93.125
BPL,1412318,2024-02-28,2023/24,Rangpur Riders,Fortune Barishal,0,0,0,-3,149,120,152,111,7,4,50,43,17,26,36,66,30,9,7.45,1.2416666666666667,0.4166666666666667,0.38738738738738737,4,4.333333333333333,13.200000000000001,1.3693693693693694,0.14166666666666666,13.200000000000001,4.333333333333333,9,13,98.125
BPL,1412318,2024-02-28,2023/24,Fortune Barishal,Rangpur Riders,1,1,0,3,152,111,149,120,4,7,43,50,19,44,36,32,21,9,8.216216216216216,1.3693693693693694,0.38738738738738737,0.4166666666666667,7,7.333333333333334,9.142857142857142,1.2416666666666667,0.17117117117117117,9.142857142857142,7.333333333333334,9,15,83.125
BPL,1412319,2024-03-01,2023/24,Comilla Victorians,Fortune Barishal,0,0,0,-3,154,120,157,114,6,4,53,41,19,49,36,55,30,8,7.700000000000001,1.2833333333333334,0.44166666666666665,0.35964912280701755,4,8.166666666666668,11.0,1.3771929824561404,0.15833333333333333,11.0,8.166666666666668,8,14,93.125
BPL,1412319,2024-03-01,2023/24,Fortune Barishal,Comilla Victorians,1,1,0,3,157,114,154,120,4,6,41,53,17,59,36,24,24,8,8.263157894736842,1.3771929824561404,0.35964912280701755,0.44166666666666665,6,9.833333333333332,6.0,1.2833333333333334,0.14912280701754385,6.0,9.833333333333332,8,15,83.125
BPL,1459537,2024-12-30,2024/25,Durbar Rajshahi,Fortune Barishal,0,0,0,-3,197,120,200,109,3,6,46,38,26,40,36,75,30,5,9.85,1.6416666666666666,0.38333333333333336,0.3486238532110092,6,6.666666666666667,15.0,1.834862385321101,0.21666666666666667,15.0,6.666666666666667,5,12,40.625
BPL,1459537,2024-12-30,2024/25,Fortune Barishal,Durbar Rajshahi,1,1,0,3,200,109,197,120,6,3,38,46,30,49,36,60,19,5,11.009174311926607,1.834862385321101,0.3486238532110092,0.38333333333333336,3,8.166666666666668,18.94736842105263,1.6416666666666666,0.27522935779816515,18.94736842105263,8.166666666666668,5,14,80.625
BPL,1459538,2024-12-30,2024/25,Rangpur Riders,Dhaka Capitals,1,0,0,40,191,120,151,120,6,9,39,54,28,49,36,66,30,10,9.549999999999999,1.5916666666666666,0.325,0.45,9,8.166666666666668,13.200000000000001,1.2583333333333333,0.23333333333333334,13.200000000000001,8.166666666666668,10,13,61.875
BPL,1459538,2024-12-30,2024/25,Dhaka Capitals,Rangpur Riders,0,1,0,-40,151,120,191,120,9,6,54,39,18,58,36,34,30,10,7.55,1.2583333333333333,0.45,0.325,6,9.666666666666668,6.8,1.5916666666666666,0.15,6.8,9.666666666666668,10,12,14.374999999999998
BPL,1459539,2024-12-31,2024/25,Khulna Tigers,Chittagong Kings,1,0,0,37,203,120,166,113,4,10,39,56,26,43,36,84,30,9,10.15,1.6916666666666667,0.325,0.49557522123893805,10,7.166666666666666,16.799999999999997,1.4690265486725664,0.21666666666666667,16.799999999999997,7.166666666666666,9,14,58.12500000000001
BPL,1459539,2024-12-31,2024/25,Chittagong Kings,Khulna Tigers,0,1,0,-37,166,113,203,120,10,4,56,39,23,56,36,36,23,9,8.814159292035399,1.4690265486725664,0.49557522123893805,0.325,4,9.333333333333334,9.391304347826088,1.6916666666666667,0.20353982300884957,9.391304347826088,9.333333333333334,9,15,66.875
BPL,1459540,2024-12-31,2024/25,Rangpur Riders,Sylhet Strikers,1,0,0,34,155,120,121,120,6,9,48,54,22,31,36,64,30,11,7.75,1.2916666666666667,0.4,0.45,9,5.166666666666667,12.8,1.0083333333333333,0.18333333333333332,12.8,5.166666666666667,11,13,61.875
BPL,1459540,2024-12-31,2024/25,Sylhet Strikers,Rangpur Riders,0,1,0,-34,121,120,155,120,9,6,54,48,11,48,36,28,30,11,6.05,1.0083333333333333,0.45,0.4,6,8.0,5.6,1.2916666666666667,0.09166666666666666,5.6,8.0,11,12,16.875
BPL,1459541,2025-01-02,2024/25,Dhaka Capitals,Durbar Rajshahi,0,0,0,-5,174,120,179,109,9,3,47,40,25,56,36,42,30,10,8.7,1.45,0.39166666666666666,0.3669724770642202,3,9.333333333333334,8.399999999999999,1.6422018348623852,0.20833333333333334,8.399999999999999,9.333333333333334,10,12,14.374999999999998
BPL,1459541,2025-01-02,2024/25,Durbar Rajshahi,Dhaka Capitals,1,1,0,5,179,109,174,120,3,9,40,47,25,53,36,42,19,10,9.853211009174311,1.6422018348623852,0.3669724770642202,0.39166666666666666,9,8.833333333333334,13.263157894736842,1.45,0.22935779816513763,13.263157894736842,8.833333333333334,10,12,40.625
BPL,1459542,2025-01-02,2024/25,Fortune Barishal,Rangpur Riders,0,0,0,-4,124,110,128,90,10,2,59,41,19,47,36,26,20,7,6.763636363636364,1.1272727272727272,0.5363636363636364,0.45555555555555555,2,7.833333333333334,7.800000000000001,1.4222222222222223,0.17272727272727273,7.800000000000001,7.833333333333334,7,14,80.625
BPL,1459542,2025-01-02,2024/25,Rangpur Riders,Fortune Barishal,1,1,0,4,128,90,124,110,2,10,41,59,16,48,36,0,0,7,8.533333333333333,1.4222222222222223,0.45555555555555555,0.5363636363636364,10,8.0,,1.1272727272727272,0.17777777777777778,,8.0,7,13,61.875
BPL,1459543,2025-01-03,2024/25,Chittagong Kings,Durbar Rajshahi,1,0,0,105,219,120,114,103,5,10,34,55,33,72,36,48,30,13,10.95,1.825,0.2833333333333333,0.5339805825242718,10,12.0,9.600000000000001,1.1067961165048543,0.275,9.600000000000001,12.0,13,15,66.875
BPL,1459543,2025-01-03,2024/25,Durbar Rajshahi,Chittagong Kings,0,1,0,-105,114,103,219,120,10,5,55,34,16,58,36,6,13,13,6.640776699029126,1.1067961165048543,0.5339805825242718,0.2833333333333333,5,9.666666666666668,2.769230769230769,1.825,0.1553398058252427,2.769230769230769,9.666666666666668,13,12,40.625
BPL,1459544,2025-01-03,2024/25,Khulna Tigers,Dhaka Capitals,1,0,0,20,173,120,153,120,8,6,49,56,23,55,36,66,30,12,8.65,1.4416666666666667,0.4083333333333333,0.4666666666666667,6,9.166666666666666,13.200000000000001,1.275,0.19166666666666668,13.200000000000001,9.166666666666666,12,14,58.12500000000001
BPL,1459544,2025-01-03,2024/25,Dhaka Capitals,Khulna Tigers,0,1,0,-20,153,120,173,120,6,8,56,49,20,31,36,65,30,12,7.6499999999999995,1.275,0.4666666666666667,0.4083333333333333,8,5.166666666666667,13.0,1.4416666666666667,0.16666666666666666,13.0,5.166666666666667,12,12,14.374999999999998
BPL,1459545,2025-01-06,2024/25,Sylhet Strikers,Rangpur Riders,0,0,0,-5,205,120,210,114,4,2,40,37,27,55,36,74,30,4,10.25,1.7083333333333333,0.3333333333333333,0.32456140350877194,2,9.166666666666666,14.8,1.8421052631578947,0.225,14.8,9.166666666666666,4,12,16.875
BPL,1459545,2025-01-06,2024/25,Rangpur Riders,Sylhet Strikers,1,1,0,5,210,114,205,120,2,4,37,40,29,54,36,63,24,4,11.052631578947368,1.8421052631578947,0.32456140350877194,0.3333333333333333,4,9.0,15.75,1.7083333333333333,0.2543859649122807,15.75,9.0,4,13,61.875
BPL,1459546,2025-01-06,2024/25,Durbar Rajshahi,Fortune Barishal,0,0,0,-1,168,120,169,105,4,3,43,32,21,60,36,35,30,2,8.399999999999999,1.4,0.35833333333333334,0.3047619047619048,3,10.0,7.0,1.6095238095238096,0.175,7.0,10.0,2,12,40.625
BPL,1459546,2025-01-06,2024/25,Fortune Barishal,Durbar Rajshahi,1,1,0,1,169,105,168,120,3,4,32,43,25,62,36,38,15,2,9.657142857142858,1.6095238095238096,0.3047619047619048,0.35833333333333334,4,10.333333333333334,15.2,1.4,0.23809523809523808,15.2,10.333333333333334,2,14,80.625
BPL,1459547,2025-01-07,2024/25,Dhaka Capitals,Rangpur Riders,0,0,0,-2,111,99,113,80,10,3,50,31,14,54,36,6,9,10,6.727272727272727,1.121212121212121,0.5050505050505051,0.3875,3,9.0,4.0,1.4125,0.1414141414141414,4.0,9.0,10,12,14.374999999999998
BPL,1459547,2025-01-07,2024/25,Rangpur Riders,Dhaka Capitals,1,1,0,2,113,80,111,99,3,10,31,50,13,46,36,0,0,10,8.475000000000001,1.4125,0.3875,0.5050505050505051,10,7.666666666666666,,1.121212121212121,0.1625,,7.666666666666666,10,13,61.875
BPL,1459548,2025-01-07,2024/25,Sylhet Strikers,Fortune Barishal,0,0,0,-1,125,110,126,63,10,3,60,23,17,60,36,23,20,7,6.818181818181818,1.1363636363636365,0.5454545454545454,0.36507936507936506,3,10.0,6.8999999999999995,2.0,0.15454545454545454,6.8999999999999995,10.0,7,12,16.875
BPL,1459548,2025-01-07,2024/25,Fortune Barishal,Sylhet Strikers,1,1,0,1,126,63,125,110,3,10,23,60,21,55,36,0,0,7,12.0,2.0,0.36507936507936506,0.5454545454545454,10,9.166666666666666,,1.1363636363636365,0.3333333333333333,,9.166666666666666,7,14,80.625
BPL,1459549,2025-01-09,2024/25,Fortune Barishal,Rangpur Riders,0,0,1,-5,197,120,202,120,5,7,40,49,25,46,36,73,30,11,9.85,1.6416666666666666,0.3333333333333333,0.4083333333333333,7,7.666666666666666,14.599999999999998,1.6833333333333333,0.20833333333333334,14.599999999999998,7.666666666666666,11,14,80.625
BPL,1459549,2025-01-09,2024/25,Rangpur Riders,Fortune Barishal,1,1,1,5,202,120,197,120,7,5,49,40,29,34,36,75,30,11,10.1,1.6833333333333333,0.4083333333333333,0.3333333333333333,5,5.666666666666666,15.0,1.6416666666666666,0.24166666666666667,15.0,5.666666666666666,11,13,61.875
BPL,1459550,2025-01-09,2024/25,Dhaka Capitals,Chittagong Kings,0,0,0,-3,177,120,180,117,5,3,43,44,20,41,36,63,30,7,8.850000000000001,1.475,0.35833333333333334,0.37606837606837606,3,6.833333333333333,12.600000000000001,1.5384615384615385,0.16666666666666666,12.600000000000001,6.833333333333333,7,12,14.374999999999998
BPL,1459550,2025-01-09,2024/25,Chittagong Kings,Dhaka Capitals,1,1,0,3,180,117,177,120,3,5,44,43,27,55,36,50,27,7,9.230769230769232,1.5384615384615385,0.37606837606837606,0.35833333333333334,5,9.166666666666666,11.11111111111111,1.475,0.23076923076923078,11.11111111111111,9.166666666666666,7,15,66.875
BPL,1459551,2025-01-10,2024/25,Durbar Rajshahi,Khulna Tigers,1,0,0,28,178,120,150,117,5,10,40,54,27,45,36,56,30,11,8.9,1.4833333333333334,0.3333333333333333,0.46153846153846156,10,7.5,11.2,1.2820512820512822,0.225,11.2,7.5,11,12,40.625
BPL,1459551,2025-01-10,2024/25,Khulna Tigers,Durbar Rajshahi,0,1,0,-28,150,117,178,120,10,5,54,40,18,34,36,38,27,11,7.692307692307693,1.2820512820512822,0.46153846153846156,0.3333333333333333,5,5.666666666666666,8.444444444444445,1.4833333333333334,0.15384615384615385,8.444444444444445,5.666666666666666,11,14,58.12500000000001
BPL,1459552,2025-01-10,2024/25,Dhaka Capitals,Sylhet Strikers,0,0,1,-2,193,120,195,112,6,7,35,29,28,56,36,61,30,11,9.65,1.6083333333333334,0.2916666666666667,0.25892857142857145,7,9.333333333333334,12.2,1.7410714285714286,0.23333333333333334,12.2,9.333333333333334,11,12,14.374999999999998
BPL,1459552,2025-01-10,2024/25,Sylhet Strikers,Dhaka Capitals,1,1,1,2,195,112,193,120,7,6,29,35,27,74,36,35,22,11,10.446428571428571,1.7410714285714286,0.25892857142857145,0.2916666666666667,6,12.333333333333332,9.545454545454545,1.6083333333333334,0.24107142857142858,9.545454545454545,12.333333333333332,11,12,16.875
BPL,1459553,2025-01-12,2024/25,Sylhet Strikers,Khulna Tigers,1,0,1,8,182,120,174,120,5,9,36,36,22,21,36,57,30,9,9.1,1.5166666666666666,0.3,0.3,9,3.5,11.399999999999999,1.45,0.18333333333333332,11.399999999999999,3.5,9,12,16.875
BPL,1459553,2025-01-12,2024/25,Khulna Tigers,Sylhet Strikers,0,1,1,-8,174,120,182,120,9,5,36,36,23,47,36,57,30,9,8.7,1.45,0.3,0.3,5,7.833333333333334,11.399999999999999,1.5166666666666666,0.19166666666666668,11.399999999999999,7.833333333333334,9,14,58.12500000000001
BPL,1459554,2025-01-12,2024/25,Dhaka Capitals,Durbar Rajshahi,1,0,0,149,254,120,105,92,1,10,27,51,34,59,36,76,30,8,12.7,2.1166666666666667,0.225,0.5543478260869565,10,9.833333333333332,15.2,1.141304347826087,0.2833333333333333,15.2,9.833333333333332,8,12,14.374999999999998
BPL,1459554,2025-01-12,2024/25,Durbar Rajshahi,Dhaka Capitals,0,1,0,-149,105,92,254,120,10,1,51,27,19,34,36,1,2,8,6.8478260869565215,1.141304347826087,0.5543478260869565,0.225,1,5.666666666666666,3.0,2.1166666666666667,0.20652173913043478,3.0,5.666666666666666,8,12,40.625
BPL,1459555,2025-01-13,2024/25,Chittagong Kings,Sylhet Strikers,1,0,0,30,203,120,173,120,6,8,35,53,27,46,36,57,30,13,10.15,1.6916666666666667,0.2916666666666667,0.44166666666666665,8,7.666666666666666,11.399999999999999,1.4416666666666667,0.225,11.399999999999999,7.666666666666666,13,15,66.875
BPL,1459555,2025-01-13,2024/25,Sylhet Strikers,Chittagong Kings,0,1,0,-30,173,120,203,120,8,6,53,35,25,46,36,47,30,13,8.65,1.4416666666666667,0.44166666666666665,0.2916666666666667,6,7.666666666666666,9.4,1.6916666666666667,0.20833333333333334,9.4,7.666666666666666,13,12,16.875
BPL,1459556,2025-01-13,2024/25,Rangpur Riders,Khulna Tigers,1,0,1,8,186,120,178,120,5,9,35,44,23,39,36,55,30,9,9.3,1.55,0.2916666666666667,0.36666666666666664,9,6.5,11.0,1.4833333333333334,0.19166666666666668,11.0,6.5,9,13,61.875
BPL,1459556,2025-01-13,2024/25,Khulna Tigers,Rangpur Riders,0,1,1,-8,178,120,186,120,9,5,44,35,25,57,36,40,30,9,8.9,1.4833333333333334,0.36666666666666664,0.2916666666666667,5,9.5,8.0,1.55,0.20833333333333334,8.0,9.5,9,14,58.12500000000001
BPL,1459557,2025-01-16,2024/25,Dhaka Capitals,Fortune Barishal,0,0,0,-6,139,117,145,96,10,2,51,24,14,37,36,46,27,13,7.128205128205128,1.188034188034188,0.4358974358974359,0.25,2,6.166666666666666,10.222222222222221,1.5104166666666667,0.11965811965811966,10.222222222222221,6.166666666666666,13,12,14.374999999999998
BPL,1459557,2025-01-16,2024/25,Fortune Barishal,Dhaka Capitals,1,1,0,6,145,96,139,117,2,10,24,51,13,47,36,20,6,13,9.0625,1.5104166666666667,0.25,0.4358974358974359,10,7.833333333333334,20.0,1.188034188034188,0.13541666666666666,20.0,7.833333333333334,13,14,80.625
BPL,1459558,2025-01-16,2024/25,Chittagong Kings,Khulna Tigers,1,0,0,45,200,120,155,120,7,9,32,40,23,50,36,37,30,14,10.0,1.6666666666666667,0.26666666666666666,0.3333333333333333,9,8.333333333333332,7.4,1.2916666666666667,0.19166666666666668,7.4,8.333333333333332,14,15,66.875
BPL,1459558,2025-01-16,2024/25,Khulna Tigers,Chittagong Kings,0,1,0,-45,155,120,200,120,9,7,40,32,16,58,36,35,30,14,7.75,1.2916666666666667,0.3333333333333333,0.26666666666666666,7,9.666666666666668,7.0,1.6666666666666667,0.13333333333333333,7.0,9.666666666666668,14,14,58.12500000000001
BPL,1459559,2025-01-17,2024/25,Durbar Rajshahi,Sylhet Strikers,1,0,0,65,184,120,119,105,7,10,52,46,22,38,36,38,30,12,9.200000000000001,1.5333333333333334,0.43333333333333335,0.4380952380952381,10,6.333333333333334,7.6,1.1333333333333333,0.18333333333333332,7.6,6.333333333333334,12,12,40.625
BPL,1459559,2025-01-17,2024/25,Sylhet Strikers,Durbar Rajshahi,0,1,0,-65,119,105,184,120,10,7,46,52,11,45,36,18,15,12,6.8,1.1333333333333333,0.4380952380952381,0.43333333333333335,7,7.5,7.199999999999999,1.5333333333333334,0.10476190476190476,7.199999999999999,7.5,12,12,16.875
BPL,1459560,2025-01-17,2024/25,Rangpur Riders,Chittagong Kings,1,0,0,33,164,120,131,120,7,8,53,44,21,31,36,60,30,9,8.2,1.3666666666666667,0.44166666666666665,0.36666666666666664,8,5.166666666666667,12.0,1.0916666666666666,0.175,12.0,5.166666666666667,9,13,61.875
BPL,1459560,2025-01-17,2024/25,Chittagong Kings,Rangpur Riders,0,1,0,-33,131,120,164,120,8,7,44,53,13,50,36,20,30,9,6.549999999999999,1.0916666666666666,0.36666666666666664,0.44166666666666665,7,8.333333333333332,4.0,1.3666666666666667,0.10833333333333334,4.0,8.333333333333332,9,15,66.875
BPL,1459561,2025-01-19,2024/25,Chittagong Kings,Fortune Barishal,0,0,0,-1,121,120,122,101,8,4,59,34,14,39,36,34,30,11,6.05,1.0083333333333333,0.49166666666666664,0.33663366336633666,4,6.5,6.8,1.2079207920792079,0.11666666666666667,6.8,6.5,11,15,66.875
BPL,1459561,2025-01-19,2024/25,Fortune Barishal,Chittagong Kings,1,1,0,1,122,101,121,120,4,8,34,59,12,28,36,22,11,11,7.247524752475247,1.2079207920792079,0.33663366336633666,0.49166666666666664,8,4.666666666666667,12.0,1.0083333333333333,0.1188118811881188,12.0,4.666666666666667,11,14,80.625
BPL,1459562,2025-01-19,2024/25,Khulna Tigers,Durbar Rajshahi,1,0,1,7,209,120,202,120,4,4,33,37,24,60,36,64,30,8,10.45,1.7416666666666667,0.275,0.30833333333333335,4,10.0,12.8,1.6833333333333333,0.2,12.8,10.0,8,14,58.12500000000001
BPL,1459562,2025-01-19,2024/25,Durbar Rajshahi,Khulna Tigers,0,1,1,-7,202,120,209,120,4,4,37,33,26,61,36,52,30,8,10.1,1.6833333333333333,0.30833333333333335,0.275,4,10.166666666666666,10.4,1.7416666666666667,0.21666666666666667,10.4,10.166666666666666,8,12,40.625
BPL,1459563,2025-01-20,2024/25,Dhaka Capitals,Sylhet Strikers,1,0,1,6,196,120,190,120,6,7,37,31,21,53,36,81,30,8,9.8,1.6333333333333333,0.30833333333333335,0.25833333333333336,7,8.833333333333334,16.200000000000003,1.5833333333333333,0.175,16.200000000000003,8.833333333333334,8,12,14.374999999999998
BPL,1459563,2025-01-20,2024/25,Sylhet Strikers,Dhaka Capitals,0,1,1,-6,190,120,196,120,7,6,31,37,27,37,36,65,30,8,9.5,1.5833333333333333,0.25833333333333336,0.30833333333333335,6,6.166666666666666,13.0,1.6333333333333333,0.225,13.0,6.166666666666666,8,12,16.875
BPL,1459564,2025-01-20,2024/25,Chittagong Kings,Durbar Rajshahi,1,0,0,111,191,120,80,86,8,9,40,47,24,43,36,61,30,11,9.549999999999999,1.5916666666666666,0.3333333333333333,0.5465116279069767,9,7.166666666666666,12.2,0.9302325581395349,0.2,12.2,7.166666666666666,11,15,66.875
BPL,1459564,2025-01-20,2024/25,Durbar Rajshahi,Chittagong Kings,0,1,0,-111,80,86,191,120,9,8,47,40,11,38,36,0,0,11,5.5813953488372094,0.9302325581395349,0.5465116279069767,0.3333333333333333,8,6.333333333333334,,1.5916666666666666,0.12790697674418605,,6.333333333333334,11,12,40.625
BPL,1459565,2025-01-22,2024/25,Chittagong Kings,Dhaka Capitals,0,0,0,-1,148,120,149,109,6,2,55,34,18,30,36,37,30,6,7.4,1.2333333333333334,0.4583333333333333,0.3119266055045872,2,5.0,7.4,1.3669724770642202,0.15,7.4,5.0,6,15,66.875
BPL,1459565,2025-01-22,2024/25,Dhaka Capitals,Chittagong Kings,1,1,0,1,149,109,148,120,2,6,34,55,15,57,36,37,19,6,8.201834862385322,1.3669724770642202,0.3119266055045872,0.4583333333333333,6,9.5,11.68421052631579,1.2333333333333334,0.13761467889908258,11.68421052631579,9.5,6,12,14.374999999999998
BPL,1459566,2025-01-22,2024/25,Fortune Barishal,Khulna Tigers,1,0,1,7,167,120,160,120,9,6,37,50,21,30,36,61,30,16,8.35,1.3916666666666666,0.30833333333333335,0.4166666666666667,6,5.0,12.2,1.3333333333333333,0.175,12.2,5.0,16,14,80.625
BPL,1459566,2025-01-22,2024/25,Khulna Tigers,Fortune Barishal,0,1,1,-7,160,120,167,120,6,9,50,37,19,31,36,68,30,16,8.0,1.3333333333333333,0.4166666666666667,0.30833333333333335,9,5.166666666666667,13.6,1.3916666666666666,0.15833333333333333,13.6,5.166666666666667,16,14,58.12500000000001
BPL,1459567,2025-01-23,2024/25,Durbar Rajshahi,Rangpur Riders,1,0,0,24,170,120,146,116,9,10,42,48,22,62,36,27,30,14,8.5,1.4166666666666667,0.35,0.41379310344827586,10,10.333333333333334,5.4,1.2586206896551724,0.18333333333333332,5.4,10.333333333333334,14,12,40.625
BPL,1459567,2025-01-23,2024/25,Rangpur Riders,Durbar Rajshahi,0,1,0,-24,146,116,170,120,10,9,48,42,18,37,36,34,26,14,7.551724137931034,1.2586206896551724,0.41379310344827586,0.35,9,6.166666666666666,7.846153846153847,1.4166666666666667,0.15517241379310345,7.846153846153847,6.166666666666666,14,13,61.875
BPL,1459568,2025-01-23,2024/25,Sylhet Strikers,Khulna Tigers,0,0,0,-4,152,120,156,119,9,4,46,38,19,58,36,27,30,9,7.6,1.2666666666666666,0.38333333333333336,0.31932773109243695,4,9.666666666666668,5.4,1.3109243697478992,0.15833333333333333,5.4,9.666666666666668,9,12,16.875
BPL,1459568,2025-01-23,2024/25,Khulna Tigers,Sylhet Strikers,1,1,0,4,156,119,152,120,4,9,38,46,17,59,36,35,29,9,7.865546218487395,1.3109243697478992,0.31932773109243695,0.38333333333333336,9,9.833333333333332,7.241379310344827,1.2666666666666666,0.14285714285714285,7.241379310344827,9.833333333333332,9,14,58.12500000000001
BPL,1459569,2025-01-26,2024/25,Sylhet Strikers,Fortune Barishal,0,0,0,-4,116,109,120,96,10,2,49,30,14,35,36,24,19,9,6.385321100917432,1.0642201834862386,0.44954128440366975,0.3125,2,5.833333333333333,7.578947368421052,1.25,0.12844036697247707,7.578947368421052,5.833333333333333,9,12,16.875
BPL,1459569,2025-01-26,2024/25,Fortune Barishal,Sylhet Strikers,1,1,0,4,120,96,116,109,2,10,30,49,14,39,36,13,6,9,7.5,1.25,0.3125,0.44954128440366975,10,6.5,13.0,1.0642201834862386,0.14583333333333334,13.0,6.5,9,14,80.625
BPL,1459570,2025-01-26,2024/25,Durbar Rajshahi,Rangpur Riders,1,0,1,2,119,120,117,120,9,8,67,67,16,37,36,29,30,14,5.95,0.9916666666666667,0.5583333333333333,0.5583333333333333,8,6.166666666666666,5.8,0.975,0.13333333333333333,5.8,6.166666666666666,14,12,40.625
BPL,1459570,2025-01-26,2024/25,Rangpur Riders,Durbar Rajshahi,0,1,1,-2,117,120,119,120,8,9,67,67,16,23,36,53,30,14,5.85,0.975,0.5583333333333333,0.5583333333333333,9,3.833333333333333,10.6,0.9916666666666667,0.13333333333333333,10.6,3.833333333333333,14,13,61.875
BPL,1459571,2025-01-27,2024/25,Khulna Tigers,Fortune Barishal,0,0,0,-1,187,120,188,115,5,5,50,35,26,56,36,49,30,7,9.35,1.5583333333333333,0.4166666666666667,0.30434782608695654,5,9.333333333333334,9.8,1.6347826086956523,0.21666666666666667,9.8,9.333333333333334,7,14,58.12500000000001
BPL,1459571,2025-01-27,2024/25,Fortune Barishal,Khulna Tigers,1,1,0,1,188,115,187,120,5,5,35,50,25,56,36,52,25,7,9.808695652173913,1.6347826086956523,0.30434782608695654,0.4166666666666667,5,9.333333333333334,12.48,1.5583333333333333,0.21739130434782608,12.48,9.333333333333334,7,14,80.625
BPL,1459572,2025-01-27,2024/25,Sylhet Strikers,Durbar Rajshahi,0,0,0,-4,117,120,121,101,9,5,62,53,13,20,36,51,30,12,5.85,0.975,0.5166666666666667,0.5247524752475248,5,3.3333333333333335,10.2,1.198019801980198,0.10833333333333334,10.2,3.3333333333333335,12,12,16.875
BPL,1459572,2025-01-27,2024/25,Durbar Rajshahi,Sylhet Strikers,1,1,0,4,121,101,117,120,5,9,53,62,16,43,36,22,11,12,7.188118811881187,1.198019801980198,0.5247524752475248,0.5166666666666667,9,7.166666666666666,12.0,0.975,0.15841584158415842,12.0,7.166666666666666,12,12,40.625
BPL,1459573,2025-01-29,2024/25,Rangpur Riders,Chittagong Kings,0,0,0,-5,143,120,148,106,5,5,59,50,19,37,36,53,30,7,7.15,1.1916666666666667,0.49166666666666664,0.4716981132075472,5,6.166666666666666,10.6,1.3962264150943395,0.15833333333333333,10.6,6.166666666666666,7,13,61.875
BPL,1459573,2025-01-29,2024/25,Chittagong Kings,Rangpur Riders,1,1,0,5,148,106,143,120,5,5,50,59,20,29,36,44,16,7,8.377358490566037,1.3962264150943395,0.4716981132075472,0.49166666666666664,5,4.833333333333334,16.5,1.1916666666666667,0.18867924528301888,16.5,4.833333333333334,7,15,66.875
BPL,1459574,2025-01-29,2024/25,Dhaka Capitals,Fortune Barishal,0,0,0,-4,73,93,77,39,10,1,57,13,8,28,36,4,3,7,4.709677419354838,0.7849462365591398,0.6129032258064516,0.3333333333333333,1,4.666666666666667,8.0,1.9743589743589745,0.08602150537634409,8.0,4.666666666666667,7,12,14.374999999999998
BPL,1459574,2025-01-29,2024/25,Fortune Barishal,Dhaka Capitals,1,1,0,4,77,39,73,93,1,10,13,57,13,69,36,0,0,7,11.846153846153847,1.9743589743589745,0.3333333333333333,0.6129032258064516,10,11.5,,0.7849462365591398,0.3333333333333333,,11.5,7,14,80.625
BPL,1459575,2025-01-30,2024/25,Khulna Tigers,Rangpur Riders,1,0,0,46,220,120,174,120,4,9,33,50,28,51,36,71,30,12,11.0,1.8333333333333333,0.275,0.4166666666666667,9,8.5,14.2,1.45,0.23333333333333334,14.2,8.5,12,14,58.12500000000001
BPL,1459575,2025-01-30,2024/25,Rangpur Riders,Khulna Tigers,0,1,0,-46,174,120,220,120,9,4,50,33,24,45,36,37,30,12,8.7,1.45,0.4166666666666667,0.275,4,7.5,7.4,1.8333333333333333,0.2,7.4,7.5,12,13,61.875
BPL,1459576,2025-01-30,2024/25,Chittagong Kings,Sylhet Strikers,1,0,0,96,196,120,100,92,8,10,36,40,23,56,36,61,30,14,9.8,1.6333333333333333,0.3,0.43478260869565216,10,9.333333333333334,12.2,1.0869565217391304,0.19166666666666668,12.2,9.333333333333334,14,15,66.875
BPL,1459576,2025-01-30,2024/25,Sylhet Strikers,Chittagong Kings,0,1,0,-96,100,92,196,120,10,8,40,36,11,39,36,0,2,14,6.521739130434782,1.0869565217391304,0.43478260869565216,0.3,8,6.5,0.0,1.6333333333333333,0.11956521739130435,0.0,6.5,14,12,16.875
BPL,1459577,2025-02-01,2024/25,Dhaka Capitals,Khulna Tigers,0,0,0,-5,123,120,128,101,9,4,69,42,15,54,36,36,30,12,6.1499999999999995,1.025,0.575,0.4158415841584158,4,9.0,7.199999999999999,1.2673267326732673,0.125,7.199999999999999,9.0,12,12,14.374999999999998
BPL,1459577,2025-02-01,2024/25,Khulna Tigers,Dhaka Capitals,1,1,0,5,128,101,123,120,4,9,42,69,14,53,36,12,11,12,7.603960396039604,1.2673267326732673,0.4158415841584158,0.575,9,8.833333333333334,6.545454545454545,1.025,0.13861386138613863,6.545454545454545,8.833333333333334,12,14,58.12500000000001
BPL,1459578,2025-02-01,2024/25,Chittagong Kings,Fortune Barishal,1,0,0,24,206,120,182,120,4,7,44,51,28,55,36,60,30,10,10.299999999999999,1.7166666666666666,0.36666666666666664,0.425,7,9.166666666666666,12.0,1.5166666666666666,0.23333333333333334,12.0,9.166666666666666,10,15,66.875
BPL,1459578,2025-02-01,2024/25,Fortune Barishal,Chittagong Kings,0,1,0,-24,182,120,206,120,7,4,51,44,24,30,36,58,30,10,9.1,1.5166666666666666,0.425,0.36666666666666664,4,5.0,11.6,1.7166666666666666,0.2,11.6,5.0,10,14,80.625
BPL,1459579,2025-02-03,2024/25,Rangpur Riders,Khulna Tigers,0,0,0,-4,85,101,89,62,10,1,57,26,10,19,36,14,11,5,5.0495049504950495,0.8415841584158416,0.5643564356435643,0.41935483870967744,1,3.166666666666667,7.636363636363637,1.435483870967742,0.09900990099009901,7.636363636363637,3.166666666666667,5,13,61.875
BPL,1459579,2025-02-03,2024/25,Khulna Tigers,Rangpur Riders,1,1,0,4,89,62,85,101,1,10,26,57,11,51,36,0,0,5,8.612903225806452,1.435483870967742,0.41935483870967744,0.5643564356435643,10,8.5,,0.8415841584158416,0.1774193548387097,,8.5,5,14,58.12500000000001
BPL,1459580,2025-02-03,2024/25,Chittagong Kings,Fortune Barishal,0,0,0,-1,149,120,150,104,9,1,59,25,21,42,36,37,30,4,7.45,1.2416666666666667,0.49166666666666664,0.2403846153846154,1,7.0,7.4,1.4423076923076923,0.175,7.4,7.0,4,15,66.875
BPL,1459580,2025-02-03,2024/25,Fortune Barishal,Chittagong Kings,1,1,0,1,150,104,149,120,1,9,25,59,18,40,36,31,14,4,8.653846153846153,1.4423076923076923,0.2403846153846154,0.49166666666666664,9,6.666666666666667,13.285714285714286,1.2416666666666667,0.17307692307692307,13.285714285714286,6.666666666666667,4,14,80.625
BPL,1459581,2025-02-05,2024/25,Khulna Tigers,Chittagong Kings,0,0,1,-1,163,120,164,120,6,8,49,39,21,30,36,76,30,9,8.15,1.3583333333333334,0.4083333333333333,0.325,8,5.0,15.2,1.3666666666666667,0.175,15.2,5.0,9,14,58.12500000000001
BPL,1459581,2025-02-05,2024/25,Chittagong Kings,Khulna Tigers,1,1,1,1,164,120,163,120,8,6,39,49,21,46,36,47,30,9,8.2,1.3666666666666667,0.325,0.4083333333333333,6,7.666666666666666,9.4,1.3583333333333334,0.175,9.4,7.666666666666666,9,15,66.875
BPL,1459582,2025-02-07,2024/25,Chittagong Kings,Fortune Barishal,0,0,1,-1,194,120,195,117,3,7,31,33,25,57,36,53,30,10,9.7,1.6166666666666667,0.25833333333333336,0.28205128205128205,7,9.5,10.6,1.6666666666666667,0.20833333333333334,10.6,9.5,10,15,66.875
BPL,1459582,2025-02-07,2024/25,Fortune Barishal,Chittagong Kings,1,1,1,1,195,117,194,120,7,3,33,31,24,57,36,44,27,10,10.0,1.6666666666666667,0.28205128205128205,0.25833333333333336,3,9.5,9.777777777777777,1.6166666666666667,0.20512820512820512,9.777777777777777,9.5,10,14,80.625
BPL,1516537,2025-12-26,2025/26,Sylhet Titans,Rajshahi Warriors,0,0,0,-2,190,120,192,118,5,2,34,36,26,45,36,61,30,5,9.5,1.5833333333333333,0.2833333333333333,0.3050847457627119,2,7.5,12.2,1.6271186440677967,0.21666666666666667,12.2,7.5,5,12,56.875
BPL,1516537,2025-12-26,2025/26,Rajshahi Warriors,Sylhet Titans,1,1,0,2,192,118,190,120,2,5,36,34,25,43,36,49,28,5,9.76271186440678,1.6271186440677967,0.3050847457627119,0.2833333333333333,5,7.166666666666666,10.5,1.5833333333333333,0.211864406779661,10.5,7.166666666666666,5,12,91.875
BPL,1516538,2025-12-26,2025/26,Chattogram Royals,Noakhali Express,1,0,0,65,174,120,109,101,6,10,41,51,21,44,36,51,30,12,8.7,1.45,0.3416666666666667,0.504950495049505,10,7.333333333333334,10.2,1.0792079207920793,0.175,10.2,7.333333333333334,12,12,90.625
BPL,1516538,2025-12-26,2025/26,Noakhali Express,Chattogram Royals,0,1,0,-65,109,101,174,120,10,6,51,41,14,42,36,4,11,12,6.475247524752476,1.0792079207920793,0.504950495049505,0.3416666666666667,6,7.0,2.1818181818181817,1.45,0.13861386138613863,2.1818181818181817,7.0,12,10,8.125
BPL,1516539,2025-12-27,2025/26,Rajshahi Warriors,Dhaka Capitals,0,0,0,-2,132,120,134,113,8,5,48,38,14,52,36,26,30,10,6.6000000000000005,1.1,0.4,0.336283185840708,5,8.666666666666666,5.2,1.1858407079646018,0.11666666666666667,5.2,8.666666666666666,10,12,91.875
BPL,1516539,2025-12-27,2025/26,Dhaka Capitals,Rajshahi Warriors,1,1,0,2,134,113,132,120,5,8,38,48,14,43,36,44,23,10,7.115044247787611,1.1858407079646018,0.336283185840708,0.4,8,7.166666666666666,11.478260869565219,1.1,0.12389380530973451,11.478260869565219,7.166666666666666,10,10,25.624999999999996
BPL,1516540,2025-12-27,2025/26,Noakhali Express,Sylhet Titans,0,0,1,-1,143,120,144,120,7,9,45,48,13,28,36,52,30,11,7.15,1.1916666666666667,0.375,0.4,9,4.666666666666667,10.4,1.2,0.10833333333333334,10.4,4.666666666666667,11,10,8.125
BPL,1516540,2025-12-27,2025/26,Sylhet Titans,Noakhali Express,1,1,1,1,144,120,143,120,9,7,48,45,16,39,36,35,30,11,7.199999999999999,1.2,0.4,0.375,7,6.5,7.0,1.1916666666666667,0.13333333333333333,7.0,6.5,11,12,56.875
BPL,1516541,2025-12-29,2025/26,Chattogram Royals,Rangpur Riders,0,0,0,-5,102,107,107,90,10,3,56,40,13,51,36,17,17,10,5.719626168224299,0.9532710280373832,0.5233644859813084,0.4444444444444444,3,8.5,6.0,1.1888888888888889,0.12149532710280374,6.0,8.5,10,12,90.625
BPL,1516541,2025-12-29,2025/26,Rangpur Riders,Chattogram Royals,1,1,0,5,107,90,102,107,3,10,40,56,14,40,36,0,0,10,7.133333333333333,1.1888888888888889,0.4444444444444444,0.5233644859813084,10,6.666666666666667,,0.9532710280373832,0.15555555555555556,,6.666666666666667,10,10,36.875
BPL,1516542,2025-12-29,2025/26,Noakhali Express,Rajshahi Warriors,0,0,0,-1,124,120,125,107,8,4,59,48,12,42,36,24,30,8,6.200000000000001,1.0333333333333334,0.49166666666666664,0.4485981308411215,4,7.0,4.800000000000001,1.1682242990654206,0.1,4.800000000000001,7.0,8,10,8.125
BPL,1516542,2025-12-29,2025/26,Rajshahi Warriors,Noakhali Express,1,1,0,1,125,107,124,120,4,8,48,59,11,54,36,25,17,8,7.009345794392523,1.1682242990654206,0.4485981308411215,0.49166666666666664,8,9.0,8.823529411764707,1.0333333333333334,0.102803738317757,8.823529411764707,9.0,8,12,91.875
BPL,1516543,2026-01-04,2025/26,Sylhet Titans,Chattogram Royals,0,0,0,-4,126,120,130,96,7,1,54,33,13,34,36,39,30,5,6.300000000000001,1.05,0.45,0.34375,1,5.666666666666666,7.800000000000001,1.3541666666666667,0.10833333333333334,7.800000000000001,5.666666666666666,5,12,56.875
BPL,1516543,2026-01-04,2025/26,Chattogram Royals,Sylhet Titans,1,1,0,4,130,96,126,120,1,7,33,54,17,52,36,10,6,5,8.125,1.3541666666666667,0.34375,0.45,7,8.666666666666666,10.0,1.05,0.17708333333333334,10.0,8.666666666666666,5,12,90.625
BPL,1516544,2026-01-04,2025/26,Rangpur Riders,Dhaka Capitals,1,0,1,5,155,120,150,120,5,4,45,47,20,31,36,51,30,9,7.75,1.2916666666666667,0.375,0.39166666666666666,4,5.166666666666667,10.2,1.25,0.16666666666666666,10.2,5.166666666666667,9,10,36.875
BPL,1516544,2026-01-04,2025/26,Dhaka Capitals,Rangpur Riders,0,1,1,-5,150,120,155,120,4,5,47,45,20,53,36,39,30,9,7.5,1.25,0.39166666666666666,0.375,5,8.833333333333334,7.800000000000001,1.2916666666666667,0.16666666666666666,7.800000000000001,8.833333333333334,9,10,25.624999999999996
BPL,1516545,2026-01-01,2025/26,Sylhet Titans,Dhaka Capitals,1,0,1,6,173,120,167,120,5,8,35,45,20,34,36,74,30,9,8.65,1.4416666666666667,0.2916666666666667,0.375,8,5.666666666666666,14.8,1.3916666666666666,0.16666666666666666,14.8,5.666666666666666,9,12,56.875
BPL,1516545,2026-01-01,2025/26,Dhaka Capitals,Sylhet Titans,0,1,1,-6,167,120,173,120,8,5,45,35,21,36,36,62,30,9,8.35,1.3916666666666666,0.375,0.2916666666666667,5,6.0,12.400000000000002,1.4416666666666667,0.175,12.400000000000002,6.0,9,10,25.624999999999996
BPL,1516547,2026-01-02,2025/26,Dhaka Capitals,Chattogram Royals,0,0,0,-1,122,118,123,76,10,0,58,28,14,38,36,41,28,10,6.203389830508474,1.0338983050847457,0.4915254237288136,0.3684210526315789,0,6.333333333333334,8.785714285714285,1.618421052631579,0.11864406779661017,8.785714285714285,6.333333333333334,10,10,25.624999999999996
BPL,1516547,2026-01-02,2025/26,Chattogram Royals,Dhaka Capitals,1,1,0,1,123,76,122,118,0,10,28,58,19,47,36,0,0,10,9.710526315789474,1.618421052631579,0.3684210526315789,0.4915254237288136,10,7.833333333333334,,1.0338983050847457,0.25,,7.833333333333334,10,12,90.625
BPL,1516548,2026-01-02,2025/26,Sylhet Titans,Rangpur Riders,0,0,0,-1,144,120,145,113,8,4,53,44,19,39,36,36,30,8,7.199999999999999,1.2,0.44166666666666665,0.3893805309734513,4,6.5,7.199999999999999,1.2831858407079646,0.15833333333333333,7.199999999999999,6.5,8,12,56.875
BPL,1516548,2026-01-02,2025/26,Rangpur Riders,Sylhet Titans,1,1,0,1,145,113,144,120,4,8,44,53,21,31,36,49,23,8,7.699115044247788,1.2831858407079646,0.3893805309734513,0.44166666666666665,8,5.166666666666667,12.782608695652176,1.2,0.18584070796460178,12.782608695652176,5.166666666666667,8,10,36.875
BPL,1516549,2026-01-05,2025/26,Noakhali Express,Sylhet Titans,0,0,0,-1,61,86,62,52,10,4,55,25,7,30,36,0,0,12,4.2558139534883725,0.7093023255813954,0.6395348837209303,0.4807692307692308,4,5.0,,1.1923076923076923,0.08139534883720931,,5.0,12,10,8.125
BPL,1516549,2026-01-05,2025/26,Sylhet Titans,Noakhali Express,1,1,0,1,62,52,61,86,4,10,25,55,9,51,36,0,0,12,7.153846153846153,1.1923076923076923,0.4807692307692308,0.6395348837209303,10,8.5,,0.7093023255813954,0.17307692307692307,,8.5,12,12,56.875
BPL,1516550,2026-01-05,2025/26,Chattogram Royals,Rangpur Riders,0,0,0,-1,169,120,170,113,5,5,46,38,25,48,36,48,30,8,8.450000000000001,1.4083333333333334,0.38333333333333336,0.336283185840708,5,8.0,9.600000000000001,1.5044247787610618,0.20833333333333334,9.600000000000001,8.0,8,12,90.625
BPL,1516550,2026-01-05,2025/26,Rangpur Riders,Chattogram Royals,1,1,0,1,170,113,169,120,5,5,38,46,22,72,36,47,23,8,9.02654867256637,1.5044247787610618,0.336283185840708,0.38333333333333336,5,12.0,12.260869565217392,1.4083333333333334,0.19469026548672566,12.260869565217392,12.0,8,10,36.875
BPL,1516551,2026-01-07,2025/26,Noakhali Express,Dhaka Capitals,0,0,0,-1,133,120,134,85,6,3,47,25,12,19,36,50,30,7,6.65,1.1083333333333334,0.39166666666666666,0.29411764705882354,3,3.166666666666667,10.0,1.576470588235294,0.1,10.0,3.166666666666667,7,10,8.125
BPL,1516551,2026-01-07,2025/26,Dhaka Capitals,Noakhali Express,1,1,0,1,134,85,133,120,3,6,25,47,21,64,36,0,0,7,9.458823529411765,1.576470588235294,0.29411764705882354,0.39166666666666666,6,10.666666666666666,,1.1083333333333334,0.24705882352941178,,10.666666666666666,7,10,25.624999999999996
BPL,1516552,2026-01-07,2025/26,Chattogram Royals,Sylhet Titans,1,0,0,14,198,120,184,118,5,10,39,48,28,60,36,66,30,10,9.899999999999999,1.65,0.325,0.4067796610169492,10,10.0,13.200000000000001,1.5593220338983051,0.23333333333333334,13.200000000000001,10.0,10,12,90.625
BPL,1516552,2026-01-07,2025/26,Sylhet Titans,Chattogram Royals,0,1,0,-14,184,118,198,120,10,5,48,39,21,50,36,59,28,10,9.35593220338983,1.5593220338983051,0.4067796610169492,0.325,5,8.333333333333332,12.642857142857142,1.65,0.17796610169491525,12.642857142857142,8.333333333333332,10,12,56.875
BPL,1516553,2026-01-08,2025/26,Noakhali Express,Rajshahi Warriors,0,0,0,-1,151,120,152,114,5,6,49,43,18,41,36,56,30,10,7.55,1.2583333333333333,0.4083333333333333,0.37719298245614036,6,6.833333333333333,11.2,1.3333333333333333,0.15,11.2,6.833333333333333,10,10,8.125
BPL,1516553,2026-01-08,2025/26,Rajshahi Warriors,Noakhali Express,1,1,0,1,152,114,151,120,6,5,43,49,17,61,36,27,24,10,8.0,1.3333333333333333,0.37719298245614036,0.4083333333333333,5,10.166666666666666,6.75,1.2583333333333333,0.14912280701754385,6.75,10.166666666666666,10,12,91.875
BPL,1516554,2026-01-08,2025/26,Sylhet Titans,Dhaka Capitals,1,0,0,20,180,120,160,120,6,8,44,41,24,48,36,76,30,10,9.0,1.5,0.36666666666666664,0.3416666666666667,8,8.0,15.2,1.3333333333333333,0.2,15.2,8.0,10,12,56.875
BPL,1516554,2026-01-08,2025/26,Dhaka Capitals,Sylhet Titans,0,1,0,-20,160,120,180,120,8,6,41,44,17,57,36,45,30,10,8.0,1.3333333333333333,0.3416666666666667,0.36666666666666664,6,9.5,9.0,1.5,0.14166666666666666,9.0,9.5,10,10,25.624999999999996
BPL,1516555,2026-01-09,2025/26,Rajshahi Warriors,Chattogram Royals,0,0,1,-1,128,120,129,120,9,8,42,54,10,42,36,30,30,10,6.4,1.0666666666666667,0.35,0.45,8,7.0,6.0,1.075,0.08333333333333333,6.0,7.0,10,12,91.875
BPL,1516555,2026-01-09,2025/26,Chattogram Royals,Rajshahi Warriors,1,1,1,1,129,120,128,120,8,9,54,42,16,34,36,37,30,10,6.449999999999999,1.075,0.45,0.35,9,5.666666666666666,7.4,1.0666666666666667,0.13333333333333333,7.4,5.666666666666666,10,12,90.625
BPL,1516556,2026-01-09,2025/26,Noakhali Express,Rangpur Riders,1,0,1,9,148,119,139,120,10,9,49,48,18,66,36,37,29,10,7.46218487394958,1.2436974789915967,0.4117647058823529,0.4,9,11.0,7.655172413793104,1.1583333333333334,0.15126050420168066,7.655172413793104,11.0,10,10,8.125
BPL,1516556,2026-01-09,2025/26,Rangpur Riders,Noakhali Express,0,1,1,-9,139,120,148,119,9,10,48,49,17,39,36,37,30,10,6.950000000000001,1.1583333333333334,0.4,0.4117647058823529,10,6.5,7.4,1.2436974789915967,0.14166666666666666,7.4,6.5,10,10,36.875
BPL,1516557,2026-01-11,2025/26,Rangpur Riders,Rajshahi Warriors,0,0,0,-1,178,120,179,115,4,3,41,30,24,54,36,74,30,6,8.9,1.4833333333333334,0.3416666666666667,0.2608695652173913,3,9.0,14.8,1.5565217391304347,0.2,14.8,9.0,6,10,36.875
BPL,1516557,2026-01-11,2025/26,Rajshahi Warriors,Rangpur Riders,1,1,0,1,179,115,178,120,3,4,30,41,21,62,36,34,25,6,9.339130434782607,1.5565217391304347,0.2608695652173913,0.3416666666666667,4,10.333333333333334,8.16,1.4833333333333334,0.1826086956521739,8.16,10.333333333333334,6,12,91.875
BPL,1516558,2026-01-11,2025/26,Noakhali Express,Dhaka Capitals,1,0,0,41,184,120,143,110,7,10,39,52,23,64,36,52,30,15,9.200000000000001,1.5333333333333334,0.325,0.4727272727272727,10,10.666666666666666,10.4,1.3,0.19166666666666668,10.4,10.666666666666666,15,10,8.125
BPL,1516558,2026-01-11,2025/26,Dhaka Capitals,Noakhali Express,0,1,0,-41,143,110,184,120,10,7,52,39,19,29,36,31,20,15,7.800000000000001,1.3,0.4727272727272727,0.325,7,4.833333333333334,9.3,1.5333333333333334,0.17272727272727273,9.3,4.833333333333334,15,10,25.624999999999996
BPL,1516559,2026-01-12,2025/26,Rangpur Riders,Sylhet Titans,0,0,0,-5,114,115,119,105,10,4,56,53,15,35,36,23,25,8,5.947826086956522,0.991304347826087,0.48695652173913045,0.5047619047619047,4,5.833333333333333,5.5200000000000005,1.1333333333333333,0.13043478260869565,5.5200000000000005,5.833333333333333,8,10,36.875
BPL,1516559,2026-01-12,2025/26,Sylhet Titans,Rangpur Riders,1,1,0,5,119,105,114,115,4,10,53,56,15,53,36,23,15,8,6.8,1.1333333333333333,0.5047619047619047,0.48695652173913045,10,8.833333333333334,9.200000000000001,0.991304347826087,0.14285714285714285,9.200000000000001,8.833333333333334,8,12,56.875
BPL,1516560,2026-01-12,2025/26,Dhaka Capitals,Rajshahi Warriors,0,0,0,-1,131,120,132,97,10,3,60,43,18,54,36,29,30,7,6.549999999999999,1.0916666666666666,0.5,0.44329896907216493,3,9.0,5.8,1.3608247422680413,0.15,5.8,9.0,7,10,25.624999999999996
BPL,1516560,2026-01-12,2025/26,Rajshahi Warriors,Dhaka Capitals,1,1,0,1,132,97,131,120,3,10,43,60,18,60,36,16,7,7,8.164948453608247,1.3608247422680413,0.44329896907216493,0.5,10,10.0,13.714285714285714,1.0916666666666666,0.18556701030927836,13.714285714285714,10.0,7,12,91.875
BPL,1516561,2026-01-16,2025/26,Noakhali Express,Chattogram Royals,0,0,0,-2,126,113,128,102,10,5,57,43,15,49,36,20,23,12,6.6902654867256635,1.1150442477876106,0.504424778761062,0.4215686274509804,5,8.166666666666668,5.217391304347826,1.2549019607843137,0.13274336283185842,5.217391304347826,8.166666666666668,12,10,8.125
BPL,1516561,2026-01-16,2025/26,Chattogram Royals,Noakhali Express,1,1,0,2,128,102,126,113,5,10,43,57,15,44,36,20,12,12,7.529411764705882,1.2549019607843137,0.4215686274509804,0.504424778761062,10,7.333333333333334,10.0,1.1150442477876106,0.14705882352941177,10.0,7.333333333333334,12,12,90.625
BPL,1516562,2026-01-16,2025/26,Rajshahi Warriors,Sylhet Titans,1,0,1,5,147,120,142,120,8,9,48,51,18,56,36,29,30,13,7.3500000000000005,1.225,0.4,0.425,9,9.333333333333334,5.8,1.1833333333333333,0.15,5.8,9.333333333333334,13,12,91.875
BPL,1516562,2026-01-16,2025/26,Sylhet Titans,Rajshahi Warriors,0,1,1,-5,142,120,147,120,9,8,51,48,15,40,36,43,30,13,7.1,1.1833333333333333,0.425,0.4,8,6.666666666666667,8.6,1.225,0.125,8.6,6.666666666666667,13,12,56.875
BPL,1516563,2026-01-17,2025/26,Rangpur Riders,Dhaka Capitals,1,0,0,11,181,120,170,120,4,7,48,44,24,50,36,51,30,9,9.05,1.5083333333333333,0.4,0.36666666666666664,7,8.333333333333332,10.2,1.4166666666666667,0.2,10.2,8.333333333333332,9,10,36.875
BPL,1516563,2026-01-17,2025/26,Dhaka Capitals,Rangpur Riders,0,1,0,-11,170,120,181,120,7,4,44,48,22,53,36,57,30,9,8.5,1.4166666666666667,0.36666666666666664,0.4,4,8.833333333333334,11.399999999999999,1.5083333333333333,0.18333333333333332,11.399999999999999,8.833333333333334,9,10,25.624999999999996
BPL,1516564,2026-01-17,2025/26,Chattogram Royals,Rajshahi Warriors,0,0,1,-1,125,119,126,117,10,7,59,45,11,41,36,39,29,15,6.302521008403362,1.050420168067227,0.4957983193277311,0.38461538461538464,7,6.833333333333333,8.068965517241379,1.0769230769230769,0.09243697478991597,8.068965517241379,6.833333333333333,15,12,90.625
BPL,1516564,2026-01-17,2025/26,Rajshahi Warriors,Chattogram Royals,1,1,1,1,126,117,125,119,7,10,45,59,12,27,36,27,27,15,6.461538461538462,1.0769230769230769,0.38461538461538464,0.4957983193277311,10,4.5,6.0,1.050420168067227,0.10256410256410256,6.0,4.5,15,12,91.875
BPL,1516565,2026-01-18,2025/26,Noakhali Express,Rangpur Riders,0,0,0,-1,173,120,174,118,2,2,53,35,21,33,36,75,30,2,8.65,1.4416666666666667,0.44166666666666665,0.2966101694915254,2,5.5,15.0,1.4745762711864407,0.175,15.0,5.5,2,10,8.125
BPL,1516565,2026-01-18,2025/26,Rangpur Riders,Noakhali Express,1,1,0,1,174,118,173,120,2,2,35,53,21,55,36,47,28,2,8.847457627118644,1.4745762711864407,0.2966101694915254,0.44166666666666665,2,9.166666666666666,10.071428571428571,1.4416666666666667,0.17796610169491525,10.071428571428571,9.166666666666666,2,10,36.875
BPL,1516566,2026-01-18,2025/26,Dhaka Capitals,Chattogram Royals,1,0,0,42,170,119,128,118,10,10,50,66,21,53,36,32,29,17,8.571428571428571,1.4285714285714286,0.42016806722689076,0.559322033898305,10,8.833333333333334,6.620689655172414,1.0847457627118644,0.17647058823529413,6.620689655172414,8.833333333333334,17,10,25.624999999999996
BPL,1516566,2026-01-18,2025/26,Chattogram Royals,Dhaka Capitals,0,1,0,-42,128,118,170,119,10,10,66,50,16,38,36,53,28,17,6.508474576271187,1.0847457627118644,0.559322033898305,0.42016806722689076,10,6.333333333333334,11.357142857142858,1.4285714285714286,0.13559322033898305,11.357142857142858,6.333333333333334,17,12,90.625
BPL,1516567,2026-01-20,2025/26,Rangpur Riders,Sylhet Titans,0,0,1,-1,111,120,112,120,9,7,57,55,9,29,36,20,30,14,5.550000000000001,0.925,0.475,0.4583333333333333,7,4.833333333333334,4.0,0.9333333333333333,0.075,4.0,4.833333333333334,14,10,36.875
BPL,1516567,2026-01-20,2025/26,Sylhet Titans,Rangpur Riders,1,1,1,1,112,120,111,120,7,9,55,57,9,39,36,31,30,14,5.6,0.9333333333333333,0.4583333333333333,0.475,9,6.5,6.200000000000001,0.925,0.075,6.200000000000001,6.5,14,12,56.875
BPL,1516568,2026-01-20,2025/26,Rajshahi Warriors,Chattogram Royals,0,0,0,-1,133,120,134,117,10,4,50,45,13,37,36,48,30,13,6.65,1.1083333333333334,0.4166666666666667,0.38461538461538464,4,6.166666666666666,9.600000000000001,1.1452991452991452,0.10833333333333334,9.600000000000001,6.166666666666666,13,12,91.875
BPL,1516568,2026-01-20,2025/26,Chattogram Royals,Rajshahi Warriors,1,1,0,1,134,117,133,120,4,10,45,50,12,31,36,40,27,13,6.871794871794871,1.1452991452991452,0.38461538461538464,0.4166666666666667,10,5.166666666666667,8.88888888888889,1.1083333333333334,0.10256410256410256,8.88888888888889,5.166666666666667,13,12,90.625
BPL,1516569,2026-01-21,2025/26,Rajshahi Warriors,Sylhet Titans,1,0,0,12,165,120,153,120,9,8,42,46,21,61,36,49,30,15,8.25,1.375,0.35,0.38333333333333336,8,10.166666666666666,9.8,1.275,0.175,9.8,10.166666666666666,15,12,91.875
BPL,1516569,2026-01-21,2025/26,Sylhet Titans,Rajshahi Warriors,0,1,0,-12,153,120,165,120,8,9,46,42,18,37,36,34,30,15,7.6499999999999995,1.275,0.38333333333333336,0.35,9,6.166666666666666,6.8,1.375,0.15,6.8,6.166666666666666,15,12,56.875
BPL,1516570,2026-01-23,2025/26,Rajshahi Warriors,Chattogram Royals,1,0,0,63,174,120,111,107,4,10,45,49,20,40,36,53,30,11,8.7,1.45,0.375,0.45794392523364486,10,6.666666666666667,10.6,1.0373831775700935,0.16666666666666666,10.6,6.666666666666667,11,12,91.875
BPL,1516570,2026-01-23,2025/26,Chattogram Royals,Rajshahi Warriors,0,1,0,-63,111,107,174,120,10,4,49,45,11,41,36,8,17,11,6.224299065420561,1.0373831775700935,0.45794392523364486,0.375,4,6.833333333333333,2.8235294117647056,1.45,0.102803738317757,2.8235294117647056,6.833333333333333,11,12,90.625
BPL,551048,2012-02-11,2011/12,Barisal Burners,Duronto Rajshahi,1,0,0,22,180,120,158,120,2,9,44,39,25,64,36,43,30,8,9.0,1.5,0.36666666666666664,0.325,9,10.666666666666666,8.6,1.3166666666666667,0.20833333333333334,8.6,10.666666666666666,8,7,18.125
BPL,551048,2012-02-11,2011/12,Duronto Rajshahi,Barisal Burners,0,1,0,-22,158,120,180,120,9,2,39,44,17,39,36,41,30,8,7.9,1.3166666666666667,0.325,0.36666666666666664,2,6.5,8.2,1.5,0.14166666666666666,8.2,6.5,8,7,69.375
BPL,551049,2012-02-12,2011/12,Khulna Royal Bengals,Chittagong Kings,0,0,0,-3,171,120,174,115,3,4,45,37,23,54,36,56,30,7,8.55,1.425,0.375,0.3217391304347826,4,9.0,11.2,1.5130434782608695,0.19166666666666668,11.2,9.0,7,5,68.125
BPL,551049,2012-02-12,2011/12,Chittagong Kings,Khulna Royal Bengals,1,1,0,3,174,115,171,120,4,3,37,45,21,69,36,31,25,7,9.078260869565216,1.5130434782608695,0.3217391304347826,0.375,3,11.5,7.4399999999999995,1.425,0.1826086956521739,7.4399999999999995,11.5,7,5,55.625
BPL,551053,2012-02-14,2011/12,Duronto Rajshahi,Sylhet Royals,1,0,0,16,171,120,155,120,8,4,39,43,19,37,36,58,30,11,8.55,1.425,0.325,0.35833333333333334,4,6.166666666666666,11.6,1.2916666666666667,0.15833333333333333,11.6,6.166666666666666,11,7,69.375
BPL,551053,2012-02-14,2011/12,Sylhet Royals,Duronto Rajshahi,0,1,0,-16,155,120,171,120,4,8,43,39,16,47,36,35,30,11,7.75,1.2916666666666667,0.35833333333333334,0.325,8,7.833333333333334,7.0,1.425,0.13333333333333333,7.0,7.833333333333334,11,5,53.125
BPL,551054,2012-02-14,2011/12,Dhaka Gladiators,Barisal Burners,1,0,0,21,208,120,187,120,5,5,41,40,30,40,36,55,30,6,10.4,1.7333333333333334,0.3416666666666667,0.3333333333333333,5,6.666666666666667,11.0,1.5583333333333333,0.25,11.0,6.666666666666667,6,5,33.125
BPL,551054,2012-02-14,2011/12,Barisal Burners,Dhaka Gladiators,0,1,0,-21,187,120,208,120,5,5,40,41,23,48,36,54,30,6,9.35,1.5583333333333333,0.3333333333333333,0.3416666666666667,5,8.0,10.8,1.7333333333333334,0.19166666666666668,10.8,8.0,6,7,18.125
BPL,551057,2012-02-16,2011/12,Barisal Burners,Chittagong Kings,0,0,0,-1,125,120,126,76,7,2,59,19,13,47,36,33,30,6,6.25,1.0416666666666667,0.49166666666666664,0.25,2,7.833333333333334,6.6000000000000005,1.6578947368421053,0.10833333333333334,6.6000000000000005,7.833333333333334,6,7,18.125
BPL,551057,2012-02-16,2011/12,Chittagong Kings,Barisal Burners,1,1,0,1,126,76,125,120,2,7,19,59,18,74,36,0,0,6,9.947368421052632,1.6578947368421053,0.25,0.49166666666666664,7,12.333333333333332,,1.0416666666666667,0.23684210526315788,,12.333333333333332,6,5,55.625
BPL,551059,2012-02-18,2011/12,Khulna Royal Bengals,Sylhet Royals,1,0,1,2,171,120,169,120,6,8,41,46,21,37,36,61,30,13,8.55,1.425,0.3416666666666667,0.38333333333333336,8,6.166666666666666,12.2,1.4083333333333334,0.175,12.2,6.166666666666666,13,5,68.125
BPL,551059,2012-02-18,2011/12,Sylhet Royals,Khulna Royal Bengals,0,1,1,-2,169,120,171,120,8,6,46,41,23,68,36,48,30,13,8.450000000000001,1.4083333333333334,0.38333333333333336,0.3416666666666667,6,11.333333333333332,9.600000000000001,1.425,0.19166666666666668,9.600000000000001,11.333333333333332,13,5,53.125
BPL,551060,2012-02-18,2011/12,Duronto Rajshahi,Chittagong Kings,1,0,1,9,126,120,117,120,6,9,48,56,12,37,36,49,30,9,6.300000000000001,1.05,0.4,0.4666666666666667,9,6.166666666666666,9.8,0.975,0.1,9.8,6.166666666666666,9,7,69.375
BPL,551060,2012-02-18,2011/12,Chittagong Kings,Duronto Rajshahi,0,1,1,-9,117,120,126,120,9,6,56,48,11,41,36,21,30,9,5.85,0.975,0.4666666666666667,0.4,6,6.833333333333333,4.199999999999999,1.05,0.09166666666666666,4.199999999999999,6.833333333333333,9,5,55.625
BPL,551061,2012-02-19,2011/12,Dhaka Gladiators,Khulna Royal Bengals,0,0,0,-1,140,120,141,100,8,3,44,30,14,56,36,32,30,7,7.0,1.1666666666666667,0.36666666666666664,0.3,3,9.333333333333334,6.4,1.41,0.11666666666666667,6.4,9.333333333333334,7,5,33.125
BPL,551061,2012-02-19,2011/12,Khulna Royal Bengals,Dhaka Gladiators,1,1,0,1,141,100,140,120,3,8,30,44,18,43,36,16,10,7,8.459999999999999,1.41,0.3,0.36666666666666664,8,7.166666666666666,9.600000000000001,1.1666666666666667,0.18,9.600000000000001,7.166666666666666,7,5,68.125
BPL,551062,2012-02-19,2011/12,Sylhet Royals,Barisal Burners,0,0,0,-1,120,120,121,80,7,1,52,34,14,43,36,40,30,5,6.0,1.0,0.43333333333333335,0.425,1,7.166666666666666,8.0,1.5125,0.11666666666666667,8.0,7.166666666666666,5,5,53.125
BPL,551062,2012-02-19,2011/12,Barisal Burners,Sylhet Royals,1,1,0,1,121,80,120,120,1,7,34,52,16,60,36,0,0,5,9.075,1.5125,0.425,0.43333333333333335,7,10.0,,1.0,0.2,,10.0,5,7,18.125
BPL,551063,2012-02-20,2011/12,Barisal Burners,Duronto Rajshahi,0,0,0,-1,192,120,193,103,3,1,34,20,24,52,36,62,30,3,9.600000000000001,1.6,0.2833333333333333,0.1941747572815534,1,8.666666666666666,12.400000000000002,1.8737864077669903,0.2,12.400000000000002,8.666666666666666,3,7,18.125
BPL,551063,2012-02-20,2011/12,Duronto Rajshahi,Barisal Burners,1,1,0,1,193,103,192,120,1,3,20,34,27,84,36,30,13,3,11.242718446601941,1.8737864077669903,0.1941747572815534,0.2833333333333333,3,14.0,13.846153846153845,1.6,0.2621359223300971,13.846153846153845,14.0,3,7,69.375
BPL,551066,2012-02-22,2011/12,Khulna Royal Bengals,Barisal Burners,0,0,0,-1,161,120,162,117,8,6,37,43,19,55,36,51,30,10,8.049999999999999,1.3416666666666666,0.30833333333333335,0.36752136752136755,6,9.166666666666666,10.2,1.3846153846153846,0.15833333333333333,10.2,9.166666666666666,10,5,68.125
BPL,551066,2012-02-22,2011/12,Barisal Burners,Khulna Royal Bengals,1,1,0,1,162,117,161,120,6,8,43,37,18,38,36,52,27,10,8.307692307692307,1.3846153846153846,0.36752136752136755,0.30833333333333335,8,6.333333333333334,11.555555555555555,1.3416666666666666,0.15384615384615385,11.555555555555555,6.333333333333334,10,7,18.125
BPL,551067,2012-02-24,2011/12,Chittagong Kings,Dhaka Gladiators,1,0,0,13,120,120,107,120,6,9,47,58,9,38,36,32,30,13,6.0,1.0,0.39166666666666666,0.48333333333333334,9,6.333333333333334,6.4,0.8916666666666667,0.075,6.4,6.333333333333334,13,5,55.625
BPL,551067,2012-02-24,2011/12,Dhaka Gladiators,Chittagong Kings,0,1,0,-13,107,120,120,120,9,6,58,47,9,36,36,26,30,13,5.3500000000000005,0.8916666666666667,0.48333333333333334,0.39166666666666666,6,6.0,5.2,1.0,0.075,5.2,6.0,13,5,33.125
BPL,551068,2012-02-24,2011/12,Duronto Rajshahi,Sylhet Royals,0,0,0,-1,124,120,125,99,9,1,47,39,12,34,36,37,30,5,6.200000000000001,1.0333333333333334,0.39166666666666666,0.3939393939393939,1,5.666666666666666,7.4,1.2626262626262625,0.1,7.4,5.666666666666666,5,7,69.375
BPL,551068,2012-02-24,2011/12,Sylhet Royals,Duronto Rajshahi,1,1,0,1,125,99,124,120,1,9,39,47,14,45,36,13,9,5,7.575757575757575,1.2626262626262625,0.3939393939393939,0.39166666666666666,9,7.5,8.666666666666666,1.0333333333333334,0.1414141414141414,8.666666666666666,7.5,5,5,53.125
BPL,551070,2012-02-25,2011/12,Sylhet Royals,Chittagong Kings,1,0,0,35,165,120,130,120,3,8,42,42,20,66,36,36,30,11,8.25,1.375,0.35,0.35,8,11.0,7.199999999999999,1.0833333333333333,0.16666666666666666,7.199999999999999,11.0,11,5,53.125
BPL,551070,2012-02-25,2011/12,Chittagong Kings,Sylhet Royals,0,1,0,-35,130,120,165,120,8,3,42,42,13,38,36,21,30,11,6.5,1.0833333333333333,0.35,0.35,3,6.333333333333334,4.199999999999999,1.375,0.10833333333333334,4.199999999999999,6.333333333333334,11,5,55.625
BPL,551071,2012-02-26,2011/12,Khulna Royal Bengals,Duronto Rajshahi,0,0,0,-4,106,113,110,85,10,2,60,37,12,39,36,20,23,7,5.628318584070796,0.9380530973451328,0.5309734513274337,0.43529411764705883,2,6.5,5.217391304347826,1.2941176470588236,0.10619469026548672,5.217391304347826,6.5,7,5,68.125
BPL,551071,2012-02-26,2011/12,Duronto Rajshahi,Khulna Royal Bengals,1,1,0,4,110,85,106,113,2,10,37,60,16,52,36,0,0,7,7.764705882352942,1.2941176470588236,0.43529411764705883,0.5309734513274337,10,8.666666666666666,,0.9380530973451328,0.18823529411764706,,8.666666666666666,7,7,69.375
BPL,551073,2012-02-27,2011/12,Dhaka Gladiators,Duronto Rajshahi,0,0,1,-4,116,110,120,117,10,7,54,47,15,40,36,22,20,4,6.327272727272726,1.0545454545454545,0.4909090909090909,0.4017094017094017,7,6.666666666666667,6.6000000000000005,1.0256410256410255,0.13636363636363635,6.6000000000000005,6.666666666666667,4,5,33.125
BPL,551073,2012-02-27,2011/12,Duronto Rajshahi,Dhaka Gladiators,1,1,1,4,120,117,116,110,7,10,47,54,12,36,36,37,27,4,6.153846153846153,1.0256410256410255,0.4017094017094017,0.4909090909090909,10,6.0,8.222222222222223,1.0545454545454545,0.10256410256410256,8.222222222222223,6.0,4,7,69.375
BPL,551077,2012-02-29,2011/12,Barisal Burners,Dhaka Gladiators,0,0,0,-4,140,120,144,94,7,2,49,36,15,49,36,42,30,8,7.0,1.1666666666666667,0.4083333333333333,0.3829787234042553,2,8.166666666666668,8.399999999999999,1.5319148936170213,0.125,8.399999999999999,8.166666666666668,8,7,18.125
BPL,551077,2012-02-29,2011/12,Dhaka Gladiators,Barisal Burners,1,1,0,4,144,94,140,120,2,7,36,49,20,51,36,8,4,8,9.191489361702128,1.5319148936170213,0.3829787234042553,0.4083333333333333,7,8.5,12.0,1.1666666666666667,0.2127659574468085,12.0,8.5,8,5,33.125
BPL,599865,2013-01-18,2012/13,Dhaka Gladiators,Khulna Royal Bengals,1,0,0,62,204,120,142,120,4,8,38,48,28,58,36,63,30,5,10.2,1.7,0.31666666666666665,0.4,8,9.666666666666668,12.600000000000001,1.1833333333333333,0.23333333333333334,12.600000000000001,9.666666666666668,5,12,85.625
BPL,599865,2013-01-18,2012/13,Khulna Royal Bengals,Dhaka Gladiators,0,1,0,-62,142,120,204,120,8,4,48,38,17,47,36,34,30,5,7.1,1.1833333333333333,0.4,0.31666666666666665,4,7.833333333333334,6.8,1.7,0.14166666666666666,6.8,7.833333333333334,5,11,6.875000000000001
BPL,599866,2013-01-18,2012/13,Sylhet Royals,Barisal Burners,1,0,0,33,175,120,142,120,7,9,29,54,19,62,36,43,30,10,8.75,1.4583333333333333,0.24166666666666667,0.45,9,10.333333333333334,8.6,1.1833333333333333,0.15833333333333333,8.6,10.333333333333334,10,10,78.125
BPL,599866,2013-01-18,2012/13,Barisal Burners,Sylhet Royals,0,1,0,-33,142,120,175,120,9,7,54,29,17,41,36,44,30,10,7.1,1.1833333333333333,0.45,0.24166666666666667,7,6.833333333333333,8.799999999999999,1.4583333333333333,0.14166666666666666,8.799999999999999,6.833333333333333,10,12,50.625
BPL,599867,2013-01-19,2012/13,Duronto Rajshahi,Chittagong Kings,1,0,1,2,99,120,97,117,9,10,61,67,6,39,36,24,30,14,4.949999999999999,0.825,0.5083333333333333,0.5726495726495726,10,6.5,4.800000000000001,0.8290598290598291,0.05,4.800000000000001,6.5,14,11,29.375
BPL,599867,2013-01-19,2012/13,Chittagong Kings,Duronto Rajshahi,0,1,1,-2,97,117,99,120,10,9,67,61,11,25,36,19,27,14,4.9743589743589745,0.8290598290598291,0.5726495726495726,0.5083333333333333,9,4.166666666666666,4.222222222222222,0.825,0.09401709401709402,4.222222222222222,4.166666666666666,14,10,75.625
BPL,599869,2013-01-20,2012/13,Khulna Royal Bengals,Barisal Burners,0,0,0,-4,142,120,146,111,8,2,50,41,18,40,36,34,30,7,7.1,1.1833333333333333,0.4166666666666667,0.36936936936936937,2,6.666666666666667,6.8,1.3153153153153154,0.15,6.8,6.666666666666667,7,11,6.875000000000001
BPL,599869,2013-01-20,2012/13,Barisal Burners,Khulna Royal Bengals,1,1,0,4,146,111,142,120,2,8,41,50,20,38,36,27,21,7,7.891891891891893,1.3153153153153154,0.36936936936936937,0.4166666666666667,8,6.333333333333334,7.714285714285715,1.1833333333333333,0.18018018018018017,7.714285714285715,6.333333333333334,7,12,50.625
BPL,599870,2013-01-20,2012/13,Duronto Rajshahi,Sylhet Royals,0,0,0,-3,147,120,150,115,8,6,44,51,17,37,36,37,30,9,7.3500000000000005,1.225,0.36666666666666664,0.4434782608695652,6,6.166666666666666,7.4,1.3043478260869565,0.14166666666666666,7.4,6.166666666666666,9,11,29.375
BPL,599870,2013-01-20,2012/13,Sylhet Royals,Duronto Rajshahi,1,1,0,3,150,115,147,120,6,8,51,44,20,38,36,55,25,9,7.826086956521739,1.3043478260869565,0.4434782608695652,0.36666666666666664,8,6.333333333333334,13.200000000000001,1.225,0.17391304347826086,13.200000000000001,6.333333333333334,9,10,78.125
BPL,599872,2013-01-22,2012/13,Dhaka Gladiators,Duronto Rajshahi,1,0,0,13,156,120,143,120,8,3,39,47,20,43,36,38,30,7,7.800000000000001,1.3,0.325,0.39166666666666666,3,7.166666666666666,7.6,1.1916666666666667,0.16666666666666666,7.6,7.166666666666666,7,12,85.625
BPL,599872,2013-01-22,2012/13,Duronto Rajshahi,Dhaka Gladiators,0,1,0,-13,143,120,156,120,3,8,47,39,17,34,36,49,30,7,7.15,1.1916666666666667,0.39166666666666666,0.325,8,5.666666666666666,9.8,1.3,0.14166666666666666,9.8,5.666666666666666,7,11,29.375
BPL,599873,2013-01-23,2012/13,Rangpur Riders,Barisal Burners,1,0,1,7,174,120,167,120,4,8,41,41,24,58,36,43,30,10,8.7,1.45,0.3416666666666667,0.3416666666666667,8,9.666666666666668,8.6,1.3916666666666666,0.2,8.6,9.666666666666668,10,10,31.874999999999996
BPL,599873,2013-01-23,2012/13,Barisal Burners,Rangpur Riders,0,1,1,-7,167,120,174,120,8,4,41,41,18,34,36,57,30,10,8.35,1.3916666666666666,0.3416666666666667,0.3416666666666667,4,5.666666666666666,11.399999999999999,1.45,0.15,11.399999999999999,5.666666666666666,10,12,50.625
BPL,599874,2013-01-23,2012/13,Khulna Royal Bengals,Sylhet Royals,0,0,0,-1,145,120,146,98,7,4,45,43,14,45,36,48,30,7,7.25,1.2083333333333333,0.375,0.4387755102040816,4,7.5,9.600000000000001,1.489795918367347,0.11666666666666667,9.600000000000001,7.5,7,11,6.875000000000001
BPL,599874,2013-01-23,2012/13,Sylhet Royals,Khulna Royal Bengals,1,1,0,1,146,98,145,120,4,7,43,45,23,81,36,10,8,7,8.938775510204081,1.489795918367347,0.4387755102040816,0.375,7,13.5,7.5,1.2083333333333333,0.23469387755102042,7.5,13.5,7,10,78.125
BPL,599875,2013-01-24,2012/13,Chittagong Kings,Barisal Burners,1,0,0,21,129,120,108,120,7,9,41,61,13,44,36,38,30,11,6.449999999999999,1.075,0.3416666666666667,0.5083333333333333,9,7.333333333333334,7.6,0.9,0.10833333333333334,7.6,7.333333333333334,11,10,75.625
BPL,599875,2013-01-24,2012/13,Barisal Burners,Chittagong Kings,0,1,0,-21,108,120,129,120,9,7,61,41,10,39,36,28,30,11,5.4,0.9,0.5083333333333333,0.3416666666666667,7,6.5,5.6,1.075,0.08333333333333333,5.6,6.5,11,12,50.625
BPL,599876,2013-01-24,2012/13,Khulna Royal Bengals,Duronto Rajshahi,1,0,0,68,197,120,129,111,0,10,36,43,28,49,36,62,30,5,9.85,1.6416666666666666,0.3,0.38738738738738737,10,8.166666666666668,12.400000000000002,1.162162162162162,0.23333333333333334,12.400000000000002,8.166666666666668,5,11,6.875000000000001
BPL,599876,2013-01-24,2012/13,Duronto Rajshahi,Khulna Royal Bengals,0,1,0,-68,129,111,197,120,10,0,43,36,16,45,36,20,21,5,6.972972972972972,1.162162162162162,0.38738738738738737,0.3,0,7.5,5.7142857142857135,1.6416666666666666,0.14414414414414414,5.7142857142857135,7.5,5,11,29.375
BPL,599877,2013-01-25,2012/13,Dhaka Gladiators,Sylhet Royals,0,0,0,-5,152,120,157,112,8,3,43,31,15,40,36,59,30,8,7.6,1.2666666666666666,0.35833333333333334,0.2767857142857143,3,6.666666666666667,11.799999999999999,1.4017857142857142,0.125,11.799999999999999,6.666666666666667,8,12,85.625
BPL,599877,2013-01-25,2012/13,Sylhet Royals,Dhaka Gladiators,1,1,0,5,157,112,152,120,3,8,31,43,17,52,36,47,22,8,8.410714285714285,1.4017857142857142,0.2767857142857143,0.35833333333333334,8,8.666666666666666,12.818181818181817,1.2666666666666666,0.15178571428571427,12.818181818181817,8.666666666666666,8,10,78.125
BPL,599878,2013-01-25,2012/13,Khulna Royal Bengals,Rangpur Riders,1,0,1,9,150,120,141,120,7,7,47,48,14,28,36,59,30,8,7.5,1.25,0.39166666666666666,0.4,7,4.666666666666667,11.799999999999999,1.175,0.11666666666666667,11.799999999999999,4.666666666666667,8,11,6.875000000000001
BPL,599878,2013-01-25,2012/13,Rangpur Riders,Khulna Royal Bengals,0,1,1,-9,141,120,150,120,7,7,48,47,15,36,36,51,30,8,7.050000000000001,1.175,0.4,0.39166666666666666,7,6.0,10.2,1.25,0.125,10.2,6.0,8,10,31.874999999999996
BPL,599880,2013-01-28,2012/13,Duronto Rajshahi,Barisal Burners,1,0,1,4,213,120,209,120,6,7,39,39,29,76,36,55,30,9,10.649999999999999,1.775,0.325,0.325,7,12.666666666666668,11.0,1.7416666666666667,0.24166666666666667,11.0,12.666666666666668,9,11,29.375
BPL,599880,2013-01-28,2012/13,Barisal Burners,Duronto Rajshahi,0,1,1,-4,209,120,213,120,7,6,39,39,29,57,36,74,30,9,10.45,1.7416666666666667,0.325,0.325,6,9.5,14.8,1.775,0.24166666666666667,14.8,9.5,9,12,50.625
BPL,599882,2013-01-29,2012/13,Rangpur Riders,Khulna Royal Bengals,1,0,0,33,122,120,89,112,10,10,53,57,11,42,36,30,30,11,6.1,1.0166666666666666,0.44166666666666665,0.5089285714285714,10,7.0,6.0,0.7946428571428571,0.09166666666666666,6.0,7.0,11,10,31.874999999999996
BPL,599882,2013-01-29,2012/13,Khulna Royal Bengals,Rangpur Riders,0,1,0,-33,89,112,122,120,10,10,57,53,8,41,36,10,22,11,4.767857142857142,0.7946428571428571,0.5089285714285714,0.44166666666666665,10,6.833333333333333,2.727272727272727,1.0166666666666666,0.07142857142857142,2.727272727272727,6.833333333333333,11,11,6.875000000000001
BPL,599883,2013-01-31,2012/13,Rangpur Riders,Sylhet Royals,0,0,0,-4,122,117,126,117,10,5,48,49,11,43,36,16,27,10,6.256410256410257,1.0427350427350428,0.41025641025641024,0.4188034188034188,5,7.166666666666666,3.5555555555555554,1.0769230769230769,0.09401709401709402,3.5555555555555554,7.166666666666666,10,10,31.874999999999996
BPL,599883,2013-01-31,2012/13,Sylhet Royals,Rangpur Riders,1,1,0,4,126,117,122,117,5,10,49,48,16,39,36,44,27,10,6.461538461538462,1.0769230769230769,0.4188034188034188,0.41025641025641024,10,6.5,9.777777777777777,1.0427350427350428,0.13675213675213677,9.777777777777777,6.5,10,10,78.125
BPL,599884,2013-01-31,2012/13,Barisal Burners,Chittagong Kings,1,0,1,6,182,120,176,120,5,6,44,37,23,53,36,51,30,9,9.1,1.5166666666666666,0.36666666666666664,0.30833333333333335,6,8.833333333333334,10.2,1.4666666666666666,0.19166666666666668,10.2,8.833333333333334,9,12,50.625
BPL,599884,2013-01-31,2012/13,Chittagong Kings,Barisal Burners,0,1,1,-6,176,120,182,120,6,5,37,44,21,55,36,54,30,9,8.799999999999999,1.4666666666666666,0.30833333333333335,0.36666666666666664,5,9.166666666666666,10.8,1.5166666666666666,0.175,10.8,9.166666666666666,9,10,75.625
BPL,599885,2013-02-01,2012/13,Dhaka Gladiators,Duronto Rajshahi,1,0,0,13,137,120,124,120,5,9,53,52,16,48,36,42,30,11,6.85,1.1416666666666666,0.44166666666666665,0.43333333333333335,9,8.0,8.399999999999999,1.0333333333333334,0.13333333333333333,8.399999999999999,8.0,11,12,85.625
BPL,599885,2013-02-01,2012/13,Duronto Rajshahi,Dhaka Gladiators,0,1,0,-13,124,120,137,120,9,5,52,53,15,51,36,19,30,11,6.200000000000001,1.0333333333333334,0.43333333333333335,0.44166666666666665,5,8.5,3.8,1.1416666666666666,0.125,3.8,8.5,11,11,29.375
BPL,599887,2013-02-02,2012/13,Barisal Burners,Duronto Rajshahi,0,0,0,-1,152,120,153,118,6,6,40,43,17,40,36,50,30,10,7.6,1.2666666666666666,0.3333333333333333,0.3644067796610169,6,6.666666666666667,10.0,1.2966101694915255,0.14166666666666666,10.0,6.666666666666667,10,12,50.625
BPL,599887,2013-02-02,2012/13,Duronto Rajshahi,Barisal Burners,1,1,0,1,153,118,152,120,6,6,43,40,18,35,36,44,28,10,7.779661016949153,1.2966101694915255,0.3644067796610169,0.3333333333333333,6,5.833333333333333,9.428571428571429,1.2666666666666666,0.15254237288135594,9.428571428571429,5.833333333333333,10,11,29.375
BPL,599888,2013-02-02,2012/13,Chittagong Kings,Dhaka Gladiators,1,0,0,54,142,120,88,120,10,8,57,65,18,41,36,20,30,15,7.1,1.1833333333333333,0.475,0.5416666666666666,8,6.833333333333333,4.0,0.7333333333333333,0.15,4.0,6.833333333333333,15,10,75.625
BPL,599888,2013-02-02,2012/13,Dhaka Gladiators,Chittagong Kings,0,1,0,-54,88,120,142,120,8,10,65,57,6,15,36,39,30,15,4.3999999999999995,0.7333333333333333,0.5416666666666666,0.475,10,2.5,7.800000000000001,1.1833333333333333,0.05,7.800000000000001,2.5,15,12,85.625
BPL,599889,2013-02-04,2012/13,Rangpur Riders,Duronto Rajshahi,0,0,0,-5,163,120,168,114,3,3,41,36,21,55,36,49,30,6,8.15,1.3583333333333334,0.3416666666666667,0.3157894736842105,3,9.166666666666666,9.8,1.4736842105263157,0.175,9.8,9.166666666666666,6,10,31.874999999999996
BPL,599889,2013-02-04,2012/13,Duronto Rajshahi,Rangpur Riders,1,1,0,5,168,114,163,120,3,3,36,41,20,51,36,40,24,6,8.842105263157894,1.4736842105263157,0.3157894736842105,0.3416666666666667,3,8.5,10.0,1.3583333333333334,0.17543859649122806,10.0,8.5,6,11,29.375
BPL,599890,2013-02-04,2012/13,Khulna Royal Bengals,Barisal Burners,0,0,0,-3,145,120,148,107,7,3,42,37,15,37,36,43,30,8,7.25,1.2083333333333333,0.35,0.34579439252336447,3,6.166666666666666,8.6,1.3831775700934579,0.125,8.6,6.166666666666666,8,11,6.875000000000001
BPL,599890,2013-02-04,2012/13,Barisal Burners,Khulna Royal Bengals,1,1,0,3,148,107,145,120,3,7,37,42,18,35,36,20,17,8,8.299065420560748,1.3831775700934579,0.34579439252336447,0.35,7,5.833333333333333,7.0588235294117645,1.2083333333333333,0.16822429906542055,7.0588235294117645,5.833333333333333,8,12,50.625
BPL,599892,2013-02-05,2012/13,Dhaka Gladiators,Rangpur Riders,1,0,0,88,217,120,129,119,4,9,27,43,29,42,36,72,30,12,10.85,1.8083333333333333,0.225,0.36134453781512604,9,7.0,14.399999999999999,1.084033613445378,0.24166666666666667,14.399999999999999,7.0,12,12,85.625
BPL,599892,2013-02-05,2012/13,Rangpur Riders,Dhaka Gladiators,0,1,0,-88,129,119,217,120,9,4,43,27,11,52,36,34,29,12,6.504201680672269,1.084033613445378,0.36134453781512604,0.225,4,8.666666666666666,7.034482758620689,1.8083333333333333,0.09243697478991597,7.034482758620689,8.666666666666666,12,10,31.874999999999996
BPL,599893,2013-02-07,2012/13,Chittagong Kings,Khulna Royal Bengals,1,0,0,89,156,120,67,86,5,10,47,54,18,20,36,69,30,12,7.800000000000001,1.3,0.39166666666666666,0.627906976744186,10,3.3333333333333335,13.799999999999999,0.7790697674418605,0.15,13.799999999999999,3.3333333333333335,12,10,75.625
BPL,599893,2013-02-07,2012/13,Khulna Royal Bengals,Chittagong Kings,0,1,0,-89,67,86,156,120,10,5,54,47,10,32,36,0,0,12,4.674418604651163,0.7790697674418605,0.627906976744186,0.39166666666666666,5,5.333333333333333,,1.3,0.11627906976744186,,5.333333333333333,12,11,6.875000000000001
BPL,599894,2013-02-07,2012/13,Rangpur Riders,Sylhet Royals,0,0,0,-1,197,120,198,114,4,4,35,24,23,46,36,44,30,4,9.85,1.6416666666666666,0.2916666666666667,0.21052631578947367,4,7.666666666666666,8.799999999999999,1.736842105263158,0.19166666666666668,8.799999999999999,7.666666666666666,4,10,31.874999999999996
BPL,599894,2013-02-07,2012/13,Sylhet Royals,Rangpur Riders,1,1,0,1,198,114,197,120,4,4,24,35,26,75,36,45,24,4,10.421052631578949,1.736842105263158,0.21052631578947367,0.2916666666666667,4,12.5,11.25,1.6416666666666666,0.22807017543859648,11.25,12.5,4,10,78.125
BPL,599895,2013-02-08,2012/13,Duronto Rajshahi,Khulna Royal Bengals,0,0,0,-2,138,120,140,116,9,3,60,48,15,41,36,54,30,9,6.8999999999999995,1.15,0.5,0.41379310344827586,3,6.833333333333333,10.8,1.206896551724138,0.125,10.8,6.833333333333333,9,11,29.375
BPL,599895,2013-02-08,2012/13,Khulna Royal Bengals,Duronto Rajshahi,1,1,0,2,140,116,138,120,3,9,48,60,20,43,36,43,26,9,7.241379310344827,1.206896551724138,0.41379310344827586,0.5,9,7.166666666666666,9.923076923076923,1.15,0.1724137931034483,9.923076923076923,7.166666666666666,9,11,6.875000000000001
BPL,599897,2013-02-09,2012/13,Chittagong Kings,Rangpur Riders,0,0,0,-1,160,120,161,120,6,5,36,49,17,38,36,59,30,8,8.0,1.3333333333333333,0.3,0.4083333333333333,5,6.333333333333334,11.799999999999999,1.3416666666666666,0.14166666666666666,11.799999999999999,6.333333333333334,8,10,75.625
BPL,599897,2013-02-09,2012/13,Rangpur Riders,Chittagong Kings,1,1,0,1,161,120,160,120,5,6,49,36,22,46,36,49,30,8,8.049999999999999,1.3416666666666666,0.4083333333333333,0.3,6,7.666666666666666,9.8,1.3333333333333333,0.18333333333333332,9.8,7.666666666666666,8,10,31.874999999999996
BPL,599898,2013-02-09,2012/13,Barisal Burners,Dhaka Gladiators,0,0,0,-1,114,120,115,76,9,2,54,24,12,32,36,34,30,8,5.699999999999999,0.95,0.45,0.3157894736842105,2,5.333333333333333,6.8,1.513157894736842,0.1,6.8,5.333333333333333,8,12,50.625
BPL,599898,2013-02-09,2012/13,Dhaka Gladiators,Barisal Burners,1,1,0,1,115,76,114,120,2,9,24,54,16,45,36,0,0,8,9.078947368421051,1.513157894736842,0.3157894736842105,0.45,9,7.5,,0.95,0.21052631578947367,,7.5,8,12,85.625
BPL,599899,2013-02-11,2012/13,Khulna Royal Bengals,Dhaka Gladiators,0,0,0,-4,176,120,180,116,6,4,41,38,21,40,36,45,30,8,8.799999999999999,1.4666666666666666,0.3416666666666667,0.3275862068965517,4,6.666666666666667,9.0,1.5517241379310345,0.175,9.0,6.666666666666667,8,11,6.875000000000001
BPL,599899,2013-02-11,2012/13,Dhaka Gladiators,Khulna Royal Bengals,1,1,0,4,180,116,176,120,4,6,38,41,24,52,36,52,26,8,9.310344827586206,1.5517241379310345,0.3275862068965517,0.3416666666666667,6,8.666666666666666,12.0,1.4666666666666666,0.20689655172413793,12.0,8.666666666666666,8,12,85.625
BPL,599900,2013-02-11,2012/13,Rangpur Riders,Duronto Rajshahi,1,0,0,19,179,120,160,112,8,10,34,41,20,68,36,36,30,14,8.95,1.4916666666666667,0.2833333333333333,0.36607142857142855,10,11.333333333333332,7.199999999999999,1.4285714285714286,0.16666666666666666,7.199999999999999,11.333333333333332,14,10,31.874999999999996
BPL,599900,2013-02-11,2012/13,Duronto Rajshahi,Rangpur Riders,0,1,0,-19,160,112,179,120,10,8,41,34,22,55,36,21,22,14,8.571428571428571,1.4285714285714286,0.36607142857142855,0.2833333333333333,8,9.166666666666666,5.7272727272727275,1.4916666666666667,0.19642857142857142,5.7272727272727275,9.166666666666666,14,11,29.375
BPL,599901,2013-02-12,2012/13,Sylhet Royals,Khulna Royal Bengals,1,0,0,61,196,120,135,120,3,7,38,51,28,53,36,55,30,8,9.8,1.6333333333333333,0.31666666666666665,0.425,7,8.833333333333334,11.0,1.125,0.23333333333333334,11.0,8.833333333333334,8,10,78.125
BPL,599901,2013-02-12,2012/13,Khulna Royal Bengals,Sylhet Royals,0,1,0,-61,135,120,196,120,7,3,51,38,15,35,36,51,30,8,6.75,1.125,0.425,0.31666666666666665,3,5.833333333333333,10.2,1.6333333333333333,0.125,10.2,5.833333333333333,8,11,6.875000000000001
BPL,599902,2013-02-12,2012/13,Dhaka Gladiators,Barisal Burners,0,0,0,-3,114,116,117,81,10,3,59,27,13,27,36,20,26,11,5.896551724137931,0.9827586206896551,0.5086206896551724,0.3333333333333333,3,4.5,4.615384615384616,1.4444444444444444,0.11206896551724138,4.615384615384616,4.5,11,12,85.625
BPL,599902,2013-02-12,2012/13,Barisal Burners,Dhaka Gladiators,1,1,0,3,117,81,114,116,3,10,27,59,15,49,36,0,0,11,8.666666666666666,1.4444444444444444,0.3333333333333333,0.5086206896551724,10,8.166666666666668,,0.9827586206896551,0.18518518518518517,,8.166666666666668,11,12,50.625
BPL,599903,2013-02-13,2012/13,Chittagong Kings,Duronto Rajshahi,1,0,0,33,193,120,160,120,3,6,40,43,23,47,36,55,30,5,9.65,1.6083333333333334,0.3333333333333333,0.35833333333333334,6,7.833333333333334,11.0,1.3333333333333333,0.19166666666666668,11.0,7.833333333333334,5,10,75.625
BPL,599903,2013-02-13,2012/13,Duronto Rajshahi,Chittagong Kings,0,1,0,-33,160,120,193,120,6,3,43,40,21,61,36,19,30,5,8.0,1.3333333333333333,0.35833333333333334,0.3333333333333333,3,10.166666666666666,3.8,1.6083333333333334,0.175,3.8,10.166666666666666,5,11,29.375
BPL,599904,2013-02-13,2012/13,Barisal Burners,Sylhet Royals,0,0,1,-1,144,120,145,118,9,9,50,49,20,32,36,54,30,14,7.199999999999999,1.2,0.4166666666666667,0.4152542372881356,9,5.333333333333333,10.8,1.228813559322034,0.16666666666666666,10.8,5.333333333333333,14,12,50.625
BPL,599904,2013-02-13,2012/13,Sylhet Royals,Barisal Burners,1,1,1,1,145,118,144,120,9,9,49,50,19,43,36,41,28,14,7.372881355932204,1.228813559322034,0.4152542372881356,0.4166666666666667,9,7.166666666666666,8.785714285714285,1.2,0.16101694915254236,8.785714285714285,7.166666666666666,14,10,78.125
BPL,599905,2013-02-14,2012/13,Barisal Burners,Rangpur Riders,1,0,0,26,139,120,113,120,7,10,44,59,16,45,36,49,30,13,6.950000000000001,1.1583333333333334,0.36666666666666664,0.49166666666666664,10,7.5,9.8,0.9416666666666667,0.13333333333333333,9.8,7.5,13,12,50.625
BPL,599905,2013-02-14,2012/13,Rangpur Riders,Barisal Burners,0,1,0,-26,113,120,139,120,10,7,59,44,12,36,36,34,30,13,5.65,0.9416666666666667,0.49166666666666664,0.36666666666666664,7,6.0,6.8,1.1583333333333334,0.1,6.8,6.0,13,10,31.874999999999996
BPL,599906,2013-02-14,2012/13,Dhaka Gladiators,Chittagong Kings,1,0,0,29,168,120,139,120,6,9,37,55,18,38,36,57,30,8,8.399999999999999,1.4,0.30833333333333335,0.4583333333333333,9,6.333333333333334,11.399999999999999,1.1583333333333334,0.15,11.399999999999999,6.333333333333334,8,12,85.625
BPL,599906,2013-02-14,2012/13,Chittagong Kings,Dhaka Gladiators,0,1,0,-29,139,120,168,120,9,6,55,37,16,37,36,32,30,8,6.950000000000001,1.1583333333333334,0.4583333333333333,0.30833333333333335,6,6.166666666666666,6.4,1.4,0.13333333333333333,6.4,6.166666666666666,8,10,75.625
BPL,599907,2013-02-15,2012/13,Dhaka Gladiators,Sylhet Royals,1,0,1,4,197,120,193,120,9,6,49,37,26,58,36,58,30,7,9.85,1.6416666666666666,0.4083333333333333,0.30833333333333335,6,9.666666666666668,11.6,1.6083333333333334,0.21666666666666667,11.6,9.666666666666668,7,12,85.625
BPL,599907,2013-02-15,2012/13,Sylhet Royals,Dhaka Gladiators,0,1,1,-4,193,120,197,120,6,9,37,49,23,39,36,61,30,7,9.65,1.6083333333333334,0.30833333333333335,0.4083333333333333,9,6.5,12.2,1.6416666666666666,0.19166666666666668,12.2,6.5,7,10,78.125
BPL,599910,2013-02-19,2012/13,Dhaka Gladiators,Chittagong Kings,1,0,0,43,172,120,129,101,9,10,32,34,18,51,36,38,30,13,8.6,1.4333333333333333,0.26666666666666666,0.33663366336633666,10,8.5,7.6,1.2772277227722773,0.15,7.6,8.5,13,12,85.625
BPL,599910,2013-02-19,2012/13,Chittagong Kings,Dhaka Gladiators,0,1,0,-43,129,101,172,120,10,9,34,32,15,50,36,11,11,13,7.663366336633663,1.2772277227722773,0.33663366336633666,0.26666666666666666,9,8.333333333333332,6.0,1.4333333333333333,0.1485148514851485,6.0,8.333333333333332,13,10,75.625
BPL,605286,2013-02-18,2012/13,Sylhet Royals,Chittagong Kings,0,0,1,-1,149,120,150,115,7,7,49,37,17,34,36,43,30,9,7.45,1.2416666666666667,0.4083333333333333,0.3217391304347826,7,5.666666666666666,8.6,1.3043478260869565,0.14166666666666666,8.6,5.666666666666666,9,10,78.125
BPL,605286,2013-02-18,2012/13,Chittagong Kings,Sylhet Royals,1,1,1,1,150,115,149,120,7,7,37,49,17,40,36,52,25,9,7.826086956521739,1.3043478260869565,0.3217391304347826,0.4083333333333333,7,6.666666666666667,12.48,1.2416666666666667,0.14782608695652175,12.48,6.666666666666667,9,10,75.625
BPL,935285,2015-11-22,2015/16,Comilla Victorians,Dhaka Dynamites,0,0,0,-2,110,120,112,116,8,4,65,52,11,35,36,40,30,9,5.5,0.9166666666666666,0.5416666666666666,0.4482758620689655,4,5.833333333333333,8.0,0.9655172413793104,0.09166666666666666,8.0,5.833333333333333,9,11,84.375
BPL,935285,2015-11-22,2015/16,Dhaka Dynamites,Comilla Victorians,1,1,0,2,112,116,110,120,4,8,52,65,13,43,36,20,26,9,5.793103448275862,0.9655172413793104,0.4482758620689655,0.5416666666666666,8,7.166666666666666,4.615384615384616,0.9166666666666666,0.11206896551724138,4.615384615384616,7.166666666666666,9,11,41.875
BPL,935289,2015-11-23,2015/16,Barisal Bulls,Rangpur Riders,1,0,0,13,155,120,142,120,9,10,49,50,19,33,36,58,30,17,7.75,1.2916666666666667,0.4083333333333333,0.4166666666666667,10,5.5,11.6,1.1833333333333333,0.15833333333333333,11.6,5.5,17,13,70.625
BPL,935289,2015-11-23,2015/16,Rangpur Riders,Barisal Bulls,0,1,0,-13,142,120,155,120,10,9,50,49,18,40,36,42,30,17,7.1,1.1833333333333333,0.4166666666666667,0.4083333333333333,9,6.666666666666667,8.399999999999999,1.2916666666666667,0.15,8.399999999999999,6.666666666666667,17,11,95.625
BPL,935291,2015-11-24,2015/16,Chittagong Vikings,Comilla Victorians,0,0,0,-1,176,120,177,113,4,3,39,37,23,53,36,57,30,6,8.799999999999999,1.4666666666666666,0.325,0.3274336283185841,3,8.833333333333334,11.399999999999999,1.5663716814159292,0.19166666666666668,11.399999999999999,8.833333333333334,6,7,10.625
BPL,935291,2015-11-24,2015/16,Comilla Victorians,Chittagong Vikings,1,1,0,1,177,113,176,120,3,4,37,39,24,44,36,49,23,6,9.398230088495575,1.5663716814159292,0.3274336283185841,0.325,4,7.333333333333334,12.782608695652176,1.4666666666666666,0.21238938053097345,12.782608695652176,7.333333333333334,6,11,84.375
BPL,935293,2015-11-24,2015/16,Barisal Bulls,Sylhet Super Stars,1,0,1,1,108,117,107,120,10,9,58,60,11,46,36,17,27,14,5.538461538461538,0.9230769230769231,0.49572649572649574,0.5,9,7.666666666666666,3.7777777777777777,0.8916666666666667,0.09401709401709402,3.7777777777777777,7.666666666666666,14,13,70.625
BPL,935293,2015-11-24,2015/16,Sylhet Super Stars,Barisal Bulls,0,1,1,-1,107,120,108,117,9,10,60,58,10,41,36,22,30,14,5.3500000000000005,0.8916666666666667,0.5,0.49572649572649574,10,6.833333333333333,4.3999999999999995,0.9230769230769231,0.08333333333333333,4.3999999999999995,6.833333333333333,14,9,3.125
BPL,935295,2015-11-25,2015/16,Rangpur Riders,Dhaka Dynamites,1,0,0,69,176,120,107,118,6,10,41,49,24,59,36,43,30,12,8.799999999999999,1.4666666666666666,0.3416666666666667,0.4152542372881356,10,9.833333333333332,8.6,0.9067796610169492,0.2,8.6,9.833333333333332,12,11,95.625
BPL,935295,2015-11-25,2015/16,Dhaka Dynamites,Rangpur Riders,0,1,0,-69,107,118,176,120,10,6,49,41,6,35,36,26,28,12,5.4406779661016955,0.9067796610169492,0.4152542372881356,0.3416666666666667,6,5.833333333333333,5.571428571428571,1.4666666666666666,0.05084745762711865,5.571428571428571,5.833333333333333,12,11,41.875
BPL,935297,2015-11-25,2015/16,Barisal Bulls,Comilla Victorians,0,0,0,-1,89,111,90,108,10,2,64,53,7,26,36,20,21,7,4.8108108108108105,0.8018018018018018,0.5765765765765766,0.49074074074074076,2,4.333333333333333,5.7142857142857135,0.8333333333333334,0.06306306306306306,5.7142857142857135,4.333333333333333,7,13,70.625
BPL,935297,2015-11-25,2015/16,Comilla Victorians,Barisal Bulls,1,1,0,1,90,108,89,111,2,10,53,64,7,37,36,17,18,7,5.0,0.8333333333333334,0.49074074074074076,0.5765765765765766,10,6.166666666666666,5.666666666666666,0.8018018018018018,0.06481481481481481,5.666666666666666,6.166666666666666,7,11,84.375
BPL,935299,2015-11-26,2015/16,Rangpur Riders,Sylhet Super Stars,1,0,1,6,109,120,103,116,9,10,59,63,10,37,36,23,30,11,5.45,0.9083333333333333,0.49166666666666664,0.5431034482758621,10,6.166666666666666,4.6000000000000005,0.8879310344827587,0.08333333333333333,4.6000000000000005,6.166666666666666,11,11,95.625
BPL,935299,2015-11-26,2015/16,Sylhet Super Stars,Rangpur Riders,0,1,1,-6,103,116,109,120,10,9,63,59,14,49,36,28,26,11,5.327586206896552,0.8879310344827587,0.5431034482758621,0.49166666666666664,9,8.166666666666668,6.461538461538462,0.9083333333333333,0.1206896551724138,6.461538461538462,8.166666666666668,11,9,3.125
BPL,935301,2015-11-26,2015/16,Chittagong Vikings,Dhaka Dynamites,0,0,0,-4,92,112,96,103,10,4,70,50,11,33,36,15,22,7,4.928571428571429,0.8214285714285714,0.625,0.4854368932038835,4,5.5,4.090909090909091,0.9320388349514563,0.09821428571428571,4.090909090909091,5.5,7,7,10.625
BPL,935301,2015-11-26,2015/16,Dhaka Dynamites,Chittagong Vikings,1,1,0,4,96,103,92,112,4,10,50,70,12,45,36,12,13,7,5.592233009708738,0.9320388349514563,0.4854368932038835,0.625,10,7.5,5.538461538461538,0.8214285714285714,0.11650485436893204,5.538461538461538,7.5,7,11,41.875
BPL,935303,2015-11-27,2015/16,Rangpur Riders,Comilla Victorians,0,0,0,-2,82,120,84,71,10,1,65,41,6,20,36,23,30,8,4.1,0.6833333333333333,0.5416666666666666,0.5774647887323944,1,3.3333333333333335,4.6000000000000005,1.1830985915492958,0.05,4.6000000000000005,3.3333333333333335,8,11,95.625
BPL,935303,2015-11-27,2015/16,Comilla Victorians,Rangpur Riders,1,1,0,2,84,71,82,120,1,10,41,65,14,30,36,0,0,8,7.098591549295774,1.1830985915492958,0.5774647887323944,0.5416666666666666,10,5.0,,0.6833333333333333,0.19718309859154928,,5.0,8,11,84.375
BPL,935305,2015-11-27,2015/16,Dhaka Dynamites,Sylhet Super Stars,1,0,0,34,166,120,132,119,6,10,42,49,20,36,36,50,30,8,8.3,1.3833333333333333,0.35,0.4117647058823529,10,6.0,10.0,1.1092436974789917,0.16666666666666666,10.0,6.0,8,11,41.875
BPL,935305,2015-11-27,2015/16,Sylhet Super Stars,Dhaka Dynamites,0,1,0,-34,132,119,166,120,10,6,49,42,14,41,36,37,29,8,6.65546218487395,1.1092436974789917,0.4117647058823529,0.35,6,6.833333333333333,7.655172413793104,1.3833333333333333,0.11764705882352941,7.655172413793104,6.833333333333333,8,9,3.125
BPL,935307,2015-11-30,2015/16,Barisal Bulls,Chittagong Vikings,1,0,0,33,170,120,137,119,7,10,43,51,17,22,36,69,30,10,8.5,1.4166666666666667,0.35833333333333334,0.42857142857142855,10,3.666666666666667,13.799999999999999,1.1512605042016806,0.14166666666666666,13.799999999999999,3.666666666666667,10,13,70.625
BPL,935307,2015-11-30,2015/16,Chittagong Vikings,Barisal Bulls,0,1,0,-33,137,119,170,120,10,7,51,43,16,41,36,53,29,10,6.9075630252100835,1.1512605042016806,0.42857142857142855,0.35833333333333334,7,6.833333333333333,10.965517241379311,1.4166666666666667,0.13445378151260504,10.965517241379311,6.833333333333333,10,7,10.625
BPL,935309,2015-11-30,2015/16,Comilla Victorians,Sylhet Super Stars,0,0,0,-4,164,120,168,118,5,6,36,37,18,53,36,55,30,7,8.2,1.3666666666666667,0.3,0.3135593220338983,6,8.833333333333334,11.0,1.423728813559322,0.15,11.0,8.833333333333334,7,11,84.375
BPL,935309,2015-11-30,2015/16,Sylhet Super Stars,Comilla Victorians,1,1,0,4,168,118,164,120,6,5,37,36,18,35,36,48,28,7,8.542372881355933,1.423728813559322,0.3135593220338983,0.3,5,5.833333333333333,10.285714285714285,1.3666666666666667,0.15254237288135594,10.285714285714285,5.833333333333333,7,9,3.125
BPL,935311,2015-12-01,2015/16,Chittagong Vikings,Rangpur Riders,0,0,0,-2,111,120,113,102,8,1,52,45,10,36,36,27,30,9,5.550000000000001,0.925,0.43333333333333335,0.4411764705882353,1,6.0,5.4,1.107843137254902,0.08333333333333333,5.4,6.0,9,7,10.625
BPL,935311,2015-12-01,2015/16,Rangpur Riders,Chittagong Vikings,1,1,0,2,113,102,111,120,1,8,45,52,14,32,36,17,12,9,6.647058823529412,1.107843137254902,0.4411764705882353,0.43333333333333335,8,5.333333333333333,8.5,0.925,0.13725490196078433,8.5,5.333333333333333,9,11,95.625
BPL,935313,2015-12-01,2015/16,Dhaka Dynamites,Barisal Bulls,0,0,0,-1,158,120,159,112,5,1,44,38,16,40,36,55,30,6,7.9,1.3166666666666667,0.36666666666666664,0.3392857142857143,1,6.666666666666667,11.0,1.4196428571428572,0.13333333333333333,11.0,6.666666666666667,6,11,41.875
BPL,935313,2015-12-01,2015/16,Barisal Bulls,Dhaka Dynamites,1,1,0,1,159,112,158,120,1,5,38,44,18,48,36,23,22,6,8.517857142857142,1.4196428571428572,0.3392857142857143,0.36666666666666664,5,8.0,6.2727272727272725,1.3166666666666667,0.16071428571428573,6.2727272727272725,8.0,6,13,70.625
BPL,935315,2015-12-02,2015/16,Comilla Victorians,Dhaka Dynamites,1,0,1,10,141,120,131,120,7,6,46,42,15,30,36,60,30,10,7.050000000000001,1.175,0.38333333333333336,0.35,6,5.0,12.0,1.0916666666666666,0.125,12.0,5.0,10,11,84.375
BPL,935315,2015-12-02,2015/16,Dhaka Dynamites,Comilla Victorians,0,1,1,-10,131,120,141,120,6,7,42,46,9,40,36,33,30,10,6.549999999999999,1.0916666666666666,0.35,0.38333333333333336,7,6.666666666666667,6.6000000000000005,1.175,0.075,6.6000000000000005,6.666666666666667,10,11,41.875
BPL,935317,2015-12-02,2015/16,Sylhet Super Stars,Chittagong Vikings,0,0,0,-1,139,120,140,97,9,0,56,28,17,36,36,25,30,8,6.950000000000001,1.1583333333333334,0.4666666666666667,0.28865979381443296,0,6.0,5.0,1.443298969072165,0.14166666666666666,5.0,6.0,8,9,3.125
BPL,935317,2015-12-02,2015/16,Chittagong Vikings,Sylhet Super Stars,1,1,0,1,140,97,139,120,0,9,28,56,17,69,36,12,7,8,8.65979381443299,1.443298969072165,0.28865979381443296,0.4666666666666667,9,11.5,10.285714285714285,1.1583333333333334,0.17525773195876287,10.285714285714285,11.5,8,7,10.625
BPL,935319,2015-12-03,2015/16,Rangpur Riders,Barisal Bulls,0,0,0,29,104,120,75,75,9,4,63,37,13,28,36,39,30,11,5.2,0.8666666666666667,0.525,0.49333333333333335,4,4.666666666666667,7.800000000000001,1.0,0.10833333333333334,7.800000000000001,4.666666666666667,11,11,95.625
BPL,935319,2015-12-03,2015/16,Barisal Bulls,Rangpur Riders,1,1,0,-29,75,75,104,120,4,9,37,63,9,31,36,0,0,11,6.0,1.0,0.49333333333333335,0.525,9,5.166666666666667,,0.8666666666666667,0.12,,5.166666666666667,11,13,70.625
BPL,935323,2015-12-06,2015/16,Barisal Bulls,Sylhet Super Stars,0,0,0,-4,58,96,62,68,10,1,63,38,4,27,36,8,6,7,3.625,0.6041666666666666,0.65625,0.5588235294117647,1,4.5,8.0,0.9117647058823529,0.041666666666666664,8.0,4.5,7,13,70.625
BPL,935323,2015-12-06,2015/16,Sylhet Super Stars,Barisal Bulls,1,1,0,4,62,68,58,96,1,10,38,63,8,31,36,0,0,7,5.470588235294118,0.9117647058823529,0.5588235294117647,0.65625,10,5.166666666666667,,0.6041666666666666,0.11764705882352941,,5.166666666666667,7,9,3.125
BPL,935325,2015-12-06,2015/16,Dhaka Dynamites,Rangpur Riders,0,0,0,-1,135,120,136,110,7,4,47,48,13,35,36,49,30,7,6.75,1.125,0.39166666666666666,0.43636363636363634,4,5.833333333333333,9.8,1.2363636363636363,0.10833333333333334,9.8,5.833333333333333,7,11,41.875
BPL,935325,2015-12-06,2015/16,Rangpur Riders,Dhaka Dynamites,1,1,0,1,136,110,135,120,4,7,48,47,15,37,36,23,20,7,7.418181818181818,1.2363636363636363,0.43636363636363634,0.39166666666666666,7,6.166666666666666,6.8999999999999995,1.125,0.13636363636363635,6.8999999999999995,6.166666666666666,7,11,95.625
BPL,935327,2015-12-07,2015/16,Barisal Bulls,Comilla Victorians,0,0,0,-1,105,120,106,105,6,3,61,48,11,29,36,42,30,5,5.25,0.875,0.5083333333333333,0.45714285714285713,3,4.833333333333334,8.399999999999999,1.0095238095238095,0.09166666666666666,8.399999999999999,4.833333333333334,5,13,70.625
BPL,935327,2015-12-07,2015/16,Comilla Victorians,Barisal Bulls,1,1,0,1,106,105,105,120,3,6,48,61,13,23,36,18,15,5,6.057142857142857,1.0095238095238095,0.45714285714285713,0.5083333333333333,6,3.833333333333333,7.199999999999999,0.875,0.12380952380952381,7.199999999999999,3.833333333333333,5,11,84.375
BPL,935329,2015-12-07,2015/16,Sylhet Super Stars,Rangpur Riders,0,0,0,-1,59,71,60,59,10,2,42,26,7,29,36,0,0,7,4.985915492957746,0.8309859154929577,0.5915492957746479,0.4406779661016949,2,4.833333333333334,,1.0169491525423728,0.09859154929577464,,4.833333333333334,7,9,3.125
BPL,935329,2015-12-07,2015/16,Rangpur Riders,Sylhet Super Stars,1,1,0,1,60,59,59,71,2,10,26,42,6,28,36,0,0,7,6.101694915254237,1.0169491525423728,0.4406779661016949,0.5915492957746479,10,4.666666666666667,,0.8309859154929577,0.1016949152542373,,4.666666666666667,7,11,95.625
BPL,935331,2015-12-08,2015/16,Dhaka Dynamites,Chittagong Vikings,1,0,0,45,121,120,76,101,8,9,59,56,15,26,36,39,30,13,6.05,1.0083333333333333,0.49166666666666664,0.5544554455445545,9,4.333333333333333,7.800000000000001,0.7524752475247525,0.125,7.800000000000001,4.333333333333333,13,11,41.875
BPL,935331,2015-12-08,2015/16,Chittagong Vikings,Dhaka Dynamites,0,1,0,-45,76,101,121,120,9,8,56,59,5,26,36,8,11,13,4.514851485148515,0.7524752475247525,0.5544554455445545,0.49166666666666664,8,4.333333333333333,4.363636363636363,1.0083333333333333,0.04950495049504951,4.363636363636363,4.333333333333333,13,7,10.625
BPL,935333,2015-12-08,2015/16,Rangpur Riders,Comilla Victorians,1,0,0,21,153,120,132,119,6,10,45,57,19,37,36,54,30,11,7.6499999999999995,1.275,0.375,0.4789915966386555,10,6.166666666666666,10.8,1.1092436974789917,0.15833333333333333,10.8,6.166666666666666,11,11,95.625
BPL,935333,2015-12-08,2015/16,Comilla Victorians,Rangpur Riders,0,1,0,-21,132,119,153,120,10,6,57,45,15,51,36,41,29,11,6.65546218487395,1.1092436974789917,0.4789915966386555,0.375,6,8.5,8.482758620689655,1.275,0.12605042016806722,8.482758620689655,8.5,11,11,84.375
BPL,935335,2015-12-09,2015/16,Dhaka Dynamites,Sylhet Super Stars,0,0,0,-5,157,120,162,119,5,4,51,43,25,28,36,59,30,7,7.85,1.3083333333333333,0.425,0.36134453781512604,4,4.666666666666667,11.799999999999999,1.361344537815126,0.20833333333333334,11.799999999999999,4.666666666666667,7,11,41.875
BPL,935335,2015-12-09,2015/16,Sylhet Super Stars,Dhaka Dynamites,1,1,0,5,162,119,157,120,4,5,43,51,18,38,36,42,29,7,8.168067226890756,1.361344537815126,0.36134453781512604,0.425,5,6.333333333333334,8.689655172413794,1.3083333333333333,0.15126050420168066,8.689655172413794,6.333333333333334,7,9,3.125
BPL,935337,2015-12-09,2015/16,Chittagong Vikings,Barisal Bulls,0,0,0,-6,135,120,141,90,7,2,52,37,14,52,36,38,30,6,6.75,1.125,0.43333333333333335,0.4111111111111111,2,8.666666666666666,7.6,1.5666666666666667,0.11666666666666667,7.6,8.666666666666666,6,7,10.625
BPL,935337,2015-12-09,2015/16,Barisal Bulls,Chittagong Vikings,1,1,0,6,141,90,135,120,2,7,37,52,19,50,36,0,0,6,9.4,1.5666666666666667,0.4111111111111111,0.43333333333333335,7,8.333333333333332,,1.125,0.2111111111111111,,8.333333333333332,6,13,70.625
BPL,935339,2015-12-10,2015/16,Comilla Victorians,Sylhet Super Stars,1,0,0,71,150,120,79,83,4,10,45,43,16,45,36,43,30,10,7.5,1.25,0.375,0.5180722891566265,10,7.5,8.6,0.9518072289156626,0.13333333333333333,8.6,7.5,10,11,84.375
BPL,935339,2015-12-10,2015/16,Sylhet Super Stars,Comilla Victorians,0,1,0,-71,79,83,150,120,10,4,43,45,9,34,36,0,0,10,5.710843373493976,0.9518072289156626,0.5180722891566265,0.375,4,5.666666666666666,,1.25,0.10843373493975904,,5.666666666666666,10,9,3.125
BPL,935341,2015-12-10,2015/16,Dhaka Dynamites,Barisal Bulls,0,0,1,-1,136,120,137,118,6,8,51,54,15,44,36,49,30,8,6.8,1.1333333333333333,0.425,0.4576271186440678,8,7.333333333333334,9.8,1.1610169491525424,0.125,9.8,7.333333333333334,8,11,41.875
BPL,935341,2015-12-10,2015/16,Barisal Bulls,Dhaka Dynamites,1,1,1,1,137,118,136,120,8,6,54,51,16,25,36,56,28,8,6.966101694915254,1.1610169491525424,0.4576271186440678,0.425,6,4.166666666666666,12.0,1.1333333333333333,0.13559322033898305,12.0,4.166666666666666,8,13,70.625
BPL,935343,2015-12-12,2015/16,Comilla Victorians,Rangpur Riders,1,0,0,72,163,120,91,102,7,10,46,56,18,46,36,57,30,10,8.15,1.3583333333333334,0.38333333333333336,0.5490196078431373,10,7.666666666666666,11.399999999999999,0.8921568627450981,0.15,11.399999999999999,7.666666666666666,10,11,84.375
BPL,935343,2015-12-12,2015/16,Rangpur Riders,Comilla Victorians,0,1,0,-72,91,102,163,120,10,7,56,46,12,39,36,8,12,10,5.352941176470589,0.8921568627450981,0.5490196078431373,0.38333333333333336,7,6.5,4.0,1.3583333333333334,0.11764705882352941,4.0,6.5,10,11,95.625
BPL,935345,2015-12-12,2015/16,Barisal Bulls,Dhaka Dynamites,1,0,0,18,135,120,117,120,5,8,61,58,19,53,36,37,30,10,6.75,1.125,0.5083333333333333,0.48333333333333334,8,8.833333333333334,7.4,0.975,0.15833333333333333,7.4,8.833333333333334,10,13,70.625
BPL,935345,2015-12-12,2015/16,Dhaka Dynamites,Barisal Bulls,0,1,0,-18,117,120,135,120,8,5,58,61,10,33,36,40,30,10,5.85,0.975,0.48333333333333334,0.5083333333333333,5,5.5,8.0,1.125,0.08333333333333333,8.0,5.5,10,11,41.875
BPL,935347,2015-12-13,2015/16,Rangpur Riders,Barisal Bulls,0,0,0,-3,160,120,163,117,9,5,43,38,19,42,36,51,30,10,8.0,1.3333333333333333,0.35833333333333334,0.3247863247863248,5,7.0,10.2,1.393162393162393,0.15833333333333333,10.2,7.0,10,11,95.625
BPL,935347,2015-12-13,2015/16,Barisal Bulls,Rangpur Riders,1,1,0,3,163,117,160,120,5,9,38,43,20,39,36,45,27,10,8.358974358974358,1.393162393162393,0.3247863247863248,0.35833333333333334,9,6.5,10.0,1.3333333333333333,0.17094017094017094,10.0,6.5,10,13,70.625
BPL,935349,2015-12-15,2015/16,Barisal Bulls,Comilla Victorians,0,0,1,-1,156,120,157,120,4,7,40,42,18,41,36,52,30,6,7.800000000000001,1.3,0.3333333333333333,0.35,7,6.833333333333333,10.4,1.3083333333333333,0.15,10.4,6.833333333333333,6,13,70.625
BPL,935349,2015-12-15,2015/16,Comilla Victorians,Barisal Bulls,1,1,1,1,157,120,156,120,7,4,42,40,20,49,36,42,30,6,7.85,1.3083333333333333,0.35,0.3333333333333333,4,8.166666666666668,8.399999999999999,1.3,0.16666666666666666,8.399999999999999,8.166666666666668,6,11,84.375
